Player,No,Pos,Status,Height,Weight,Experience,College,Team
Isaiah Adams,74,G,ACT,76,316,2,Illinois,Arizona Cardinals
Kelly Akharaiyi,"",WR,CUT,73,200,R,Mississippi State,Arizona Cardinals
Andre Baccellia,82,WR,ACT,70,175,2,Washington,Arizona Cardinals
Budda Baker,3,S,ACT,70,195,9,Washington,Arizona Cardinals
Kyon Barrs,65,DT,ACT,74,301,1,USC,Arizona Cardinals
Kelvin Beachum,68,OT,ACT,75,308,14,SMU,Arizona Cardinals
Trey Benson,33,RB,ACT,72,216,2,Florida State,Arizona Cardinals
Joey Blount,32,SAF,ACT,73,201,4,Virginia,Arizona Cardinals
Ekow Boye-Doe,35,CB,ACT,72,177,2,Kansas State,Arizona Cardinals
Aaron Brewer,46,LS,ACT,77,232,14,San Diego State,Arizona Cardinals
Jacoby Brissett,7,QB,ACT,76,235,10,N.C. State,Arizona Cardinals
Elliott Brown,41,LB,ACT,77,240,R,Virginia,Arizona Cardinals
Evan Brown,63,C,ACT,75,320,7,SMU,Arizona Cardinals
Baron Browning,5,LB,ACT,75,240,5,Ohio State,Arizona Cardinals
Sean Murphy-Bunting,23,CB,RSN,72,195,7,Central Michigan,Arizona Cardinals
Jordan Burch,52,LB,ACT,76,279,R,Oregon,Arizona Cardinals
Denzel Burke,29,CB,ACT,71,186,R,Ohio State,Arizona Cardinals
Jeremiah Byers,67,OT,ACT,76,320,R,Florida State,Arizona Cardinals
Calais Campbell,93,DE,ACT,80,307,18,Miami,Arizona Cardinals
Oscar Cardenas,45,TE,ACT,76,265,R,Texas-San Antonio,Arizona Cardinals
Michael Carter,22,RB,ACT,68,201,4,North Carolina,Arizona Cardinals
Kei'Trel Clark,13,CB,ACT,70,181,3,Louisville,Arizona Cardinals
L.J. Collier,91,DE,ACT,75,291,7,TCU,Arizona Cardinals
Zaven Collins,25,LB,ACT,76,260,5,Tulsa,Arizona Cardinals
Hayden Conner,58,G,ACT,78,314,R,Texas,Arizona Cardinals
James Conner,6,RB,ACT,73,233,9,Pittsburgh,Arizona Cardinals
Kitan Crawford,36,SAF,ACT,71,202,R,Nevada,Arizona Cardinals
Jake Curhan,64,OT,ACT,78,316,5,California,Arizona Cardinals
McClendon Curtis,66,G,ACT,78,325,2,Tennessee-Chattanooga,Arizona Cardinals
DeeJay Dallas,20,RB,ACT,70,214,6,Miami,Arizona Cardinals
Akeem Davis-Gaither,27,LB,ACT,74,238,6,Appalachian State,Arizona Cardinals
Josiah Deguara,47,TE,ACT,74,240,5,Cincinnati,Arizona Cardinals
Emari Demercado,31,RB,ACT,69,215,3,TCU,Arizona Cardinals
Greg Dortch,4,WR,ACT,67,175,5,Wake Forest,Arizona Cardinals
Simi Fehoko,80,WR,ACT,76,218,5,Stanford,Arizona Cardinals
Hjalte Froholdt,72,G,ACT,77,310,7,Arkansas,Arizona Cardinals
Josh Fryar,78,OT,ACT,77,320,R,Ohio State,Arizona Cardinals
Jon Gaines II,59,G,ACT,76,303,3,UCLA,Arizona Cardinals
Blake Gillikin,12,P,ACT,74,196,6,Penn State,Arizona Cardinals
Steven Gilmore,38,DB,ACT,72,174,2,Marshall,Arizona Cardinals
Anthony Goodlow,95,DE,ACT,77,283,1,Oklahoma State,Arizona Cardinals
Bryson Green,30,WR,ACT,73,207,R,Wisconsin,Arizona Cardinals
Darren Hall,30,CB,ACT,72,190,4,San Diego State,Arizona Cardinals
Marvin Harrison Jr.,18,WR,ACT,75,220,2,Ohio State,Arizona Cardinals
Sincere Haynesworth,61,OL,ACT,73,300,1,Tulane,Arizona Cardinals
Will Hernandez,76,G,ACT,75,332,8,Texas-El Paso,Arizona Cardinals
Elijah Higgins,84,TE,ACT,75,234,3,Stanford,Arizona Cardinals
Trishton Jackson,86,WR,RES,73,191,3,Syracuse,Arizona Cardinals
Patrick Jenkins,90,DE,ACT,74,293,R,Tulane,Arizona Cardinals
Will Johnson,"",CB,ACT,74,194,R,Michigan,Arizona Cardinals
Paris Johnson Jr.,70,OT,ACT,78,313,3,Ohio State,Arizona Cardinals
Christian Jones,75,OT,ACT,77,305,2,Texas,Arizona Cardinals
Elijah Jones,28,CB,ACT,73,185,2,Boston College,Arizona Cardinals
Zay Jones,17,WR,ACT,74,200,9,East Carolina,Arizona Cardinals
Jaylon Jones,37,CB,ACT,71,190,4,Mississippi,Arizona Cardinals
Justin Jones,98,DT,ACT,75,309,8,N.C. State,Arizona Cardinals
Vi Jones,53,LB,ACT,74,225,3,N.C. State,Arizona Cardinals
Bam Knight,35,RB,ACT,71,209,3,N.C. State,Arizona Cardinals
Nick Leverett,60,G,ACT,76,310,5,Rice,Arizona Cardinals
Roy Mbaeteka,79,OT,ACT,80,330,1,"",Arizona Cardinals
Trey McBride,85,TE,ACT,76,246,4,Colorado State,Arizona Cardinals
Nate McCollum,39,WR,ACT,69,185,R,North Carolina,Arizona Cardinals
Max Melton,16,CB,ACT,71,187,2,Rutgers,Arizona Cardinals
Kyler Murray,1,QB,ACT,70,207,7,Oklahoma,Arizona Cardinals
PJ Mustipher,79,DT,ACT,76,318,1,Penn State,Arizona Cardinals
Royce Newman,71,G,ACT,77,310,5,Mississippi,Arizona Cardinals
Bilal Nichols,92,DT,ACT,75,313,8,Delaware,Arizona Cardinals
Walter Nolen,97,DT,ACT,76,296,R,Mississippi,Arizona Cardinals
BJ Ojulari,9,LB,ACT,74,248,3,LSU,Arizona Cardinals
Tejhaun Palmer,83,WR,ACT,74,210,1,UAB,Arizona Cardinals
Owen Pappoe,44,LB,ACT,72,225,3,Auburn,Arizona Cardinals
Tip Reiman,87,TE,ACT,77,271,2,Illinois,Arizona Cardinals
Darius Robinson,56,DL,ACT,77,285,2,Missouri,Arizona Cardinals
Jammie Robinson,26,SAF,ACT,71,195,3,Florida State,Arizona Cardinals
J.J. Russell,51,ILB,ACT,73,225,4,Memphis,Arizona Cardinals
Chad Ryland,38,K,ACT,72,195,3,Maryland,Arizona Cardinals
Valentin Senn,69,OT,RES,79,310,R,Connecticut,Arizona Cardinals
Elijah Simmons,96,DL,ACT,73,334,R,Tennessee,Arizona Cardinals
Cody Simon,50,LB,ACT,74,229,R,Ohio State,Arizona Cardinals
Dante Stills,55,DT,ACT,76,286,3,West Virginia,Arizona Cardinals
Josh Sweat,10,OLB,ACT,77,265,8,Florida State,Arizona Cardinals
Dadrion Taylor-Demerson,42,SAF,ACT,70,197,2,Texas Tech,Arizona Cardinals
Xavier Thomas,54,LB,ACT,74,245,2,Clemson,Arizona Cardinals
Starling Thomas V,24,CB,RES,70,194,3,UAB,Arizona Cardinals
Jalen Thompson,34,SAF,ACT,71,190,7,Washington State,Arizona Cardinals
Dalvin Tomlinson,94,DE,ACT,75,325,9,Alabama,Arizona Cardinals
Clayton Tune,15,QB,ACT,75,220,3,Houston,Arizona Cardinals
Travis Vokolek,81,TE,ACT,78,260,2,Nebraska,Arizona Cardinals
Mykal Walker,43,LB,ACT,75,230,6,Fresno State,Arizona Cardinals
Quez Watkins,16,WR,CUT,72,193,5,Southern Mississippi,Arizona Cardinals
Xavier Weaver,89,WR,ACT,73,169,2,Colorado,Arizona Cardinals
Dohnovan West,62,G,ACT,75,296,1,Arizona State,Arizona Cardinals
Benton Whitley,49,LB,ACT,76,260,4,Holy Cross,Arizona Cardinals
Jonah Williams,73,OT,ACT,77,312,7,Alabama,Arizona Cardinals
Garrett Williams,21,CB,ACT,70,192,3,Syracuse,Arizona Cardinals
Mack Wilson,2,LB,ACT,73,246,7,Alabama,Arizona Cardinals
Michael Wilson,14,WR,ACT,74,213,3,Stanford,Arizona Cardinals
Jamal Agnew,14,WR,ACT,70,190,9,San Diego,Atlanta Falcons
Tyler Allgeier,25,RB,ACT,71,225,4,BYU,Atlanta Falcons
Troy Andersen,44,LB,ACT,76,245,4,Montana State,Atlanta Falcons
Grayland Arnold,36,SAF,RES,70,190,5,Baylor,Atlanta Falcons
Simeon Barrow Jr.,91,DL,ACT,75,283,R,Miami,Atlanta Falcons
Jessie Bates,3,FS,ACT,73,210,8,Wake Forest,Atlanta Falcons
Matthew Bergeron,65,OL,ACT,77,315,3,Syracuse,Atlanta Falcons
JD Bertrand,40,LB,ACT,73,230,2,Notre Dame,Atlanta Falcons
Henry Black,32,SAF,ACT,72,204,3,Baylor,Atlanta Falcons
Chris Blair,19,WR,ACT,74,215,2,Alcorn State,Atlanta Falcons
Billy Bowman Jr.,33,SAF,ACT,70,194,R,Oklahoma,Atlanta Falcons
Natrone Brooks,35,CB,ACT,71,176,2,Southern Mississippi,Atlanta Falcons
Cobee Bryant,37,CB,ACT,72,180,R,Kansas,Atlanta Falcons
Nate Carter,38,RB,ACT,70,202,R,Michigan State,Atlanta Falcons
DJ Chark,16,WR,CUT,75,200,8,LSU,Atlanta Falcons
Matthew Cindric,73,OL,ACT,76,295,1,California,Atlanta Falcons
Jashaun Corbin,30,RB,ACT,71,200,2,Florida State,Atlanta Falcons
Kirk Cousins,18,QB,ACT,75,205,14,Michigan State,Atlanta Falcons
Divine Deablo,"",LB,ACT,75,223,5,Virginia Tech,Atlanta Falcons
Ben DiNucci,16,QB,ACT,74,222,2,James Madison,Atlanta Falcons
Brandon Dorlus,54,DE,ACT,75,295,2,Oregon,Atlanta Falcons
Elijah Dotson,41,RB,ACT,69,202,2,Northern Colorado,Atlanta Falcons
Dylan Drummond,81,WR,ACT,72,190,1,Eastern Michigan,Atlanta Falcons
Arnold Ebiketie,17,LB,ACT,74,250,4,Penn State,Atlanta Falcons
Kaden Elliss,55,LB,ACT,74,240,7,Idaho,Atlanta Falcons
Leonard Floyd,56,DE,ACT,75,240,10,Georgia,Atlanta Falcons
Dee Alford,20,CB,ACT,71,180,4,Tusculum College,Atlanta Falcons
Mike Ford,28,CB,ACT,72,199,8,Southeast Missouri State,Atlanta Falcons
Morgan Fox,99,DE,ACT,75,275,9,Colorado State (Pueblo),Atlanta Falcons
Feleipe Franks,84,TE,ACT,78,241,3,Arkansas,Atlanta Falcons
Jordan Fuller,29,SAF,ACT,74,203,6,Ohio State,Atlanta Falcons
Michael Gonzalez,61,OL,TRD,76,305,R,Louisville,Atlanta Falcons
Ta'Quon Graham,95,DT,ACT,76,300,5,Texas,Atlanta Falcons
Joshua Gray,67,G,ACT,77,299,R,Oregon State,Atlanta Falcons
Jovaughn Gwyn,52,G,ACT,74,310,3,South Carolina,Atlanta Falcons
Jake Hanson,72,C,ACT,76,296,5,Oregon,Atlanta Falcons
Ronnie Harrison,36,DB,ACT,75,207,8,Alabama,Atlanta Falcons
Zach Harrison,96,DE,ACT,77,270,3,Ohio State,Atlanta Falcons
DeMarcco Hellams,23,SAF,ACT,73,203,3,Alabama,Atlanta Falcons
C.J. Henderson,30,CB,ACT,73,204,6,Florida,Atlanta Falcons
Kyle Hinton,68,G,ACT,74,315,3,Washburn,Atlanta Falcons
KhaDarel Hodge,4,WR,ACT,74,210,8,Prairie View A&M,Atlanta Falcons
Mike Hughes,21,CB,ACT,70,191,8,UCF,Atlanta Falcons
Lamar Jackson,38,CB,ACT,74,212,3,Nebraska,Atlanta Falcons
Caleb Johnson,53,LB,ACT,74,220,5,Houston Christian University,Atlanta Falcons
Emory Jones,15,QB,RES,74,210,1,Cincinnati,Atlanta Falcons
Nikola Kalinic,88,TE,ACT,76,248,2,York (Canada),Atlanta Falcons
Khalid Kareem,92,LB,ACT,76,255,4,Notre Dame,Atlanta Falcons
Younghoe Koo,6,K,ACT,70,195,8,Georgia Southern,Atlanta Falcons
Lenny Krieg,46,K,ACT,74,214,R,"",Atlanta Falcons
Nick Kubitz,59,ILB,ACT,75,229,R,North Dakota State,Atlanta Falcons
Chris Lindstrom,63,G,ACT,76,310,7,Boston College,Atlanta Falcons
Drake London,5,WR,ACT,76,215,4,USC,Atlanta Falcons
LaCale London,94,DT,ACT,75,297,2,Western Illinois,Atlanta Falcons
DeAngelo Malone,51,LB,ACT,75,235,4,Western Kentucky,Atlanta Falcons
Dontae Manning,41,CB,ACT,70,190,R,Oregon,Atlanta Falcons
Jake Matthews,70,OT,ACT,77,309,12,Texas A&M,Atlanta Falcons
Jesse Matthews,86,WR,ACT,72,190,2,San Diego State,Atlanta Falcons
Ray-Ray McCloud,34,WR,ACT,69,185,8,Clemson,Atlanta Falcons
Liam McCullough,49,LS,ACT,74,245,3,Ohio State,Atlanta Falcons
Kaleb McGary,76,OT,ACT,78,330,7,Washington,Atlanta Falcons
Darnell Mooney,1,WR,ACT,71,180,6,Tulane,Atlanta Falcons
Nick Nash,80,WR,ACT,75,195,R,San Jose State,Atlanta Falcons
Jack Nelson,69,OT,ACT,79,314,R,Wisconsin,Atlanta Falcons
Ryan Neuzil,64,G,ACT,75,305,4,Appalachian State,Atlanta Falcons
Storm Norton,77,OT,ACT,79,310,6,Toledo,Atlanta Falcons
David Onyemata,90,DT,ACT,76,310,10,Manitoba (Canada),Atlanta Falcons
Ruke Orhorhoro,98,DT,ACT,76,294,2,Clemson,Atlanta Falcons
Brandon Parker,75,OT,ACT,80,320,8,North Carolina A&T,Atlanta Falcons
James Pearce Jr.,27,DE,ACT,77,242,R,Tennessee,Atlanta Falcons
Michael Penix Jr.,9,QB,ACT,75,220,2,Washington,Atlanta Falcons
Ronnie Perkins,50,LB,ACT,75,250,4,Oklahoma,Atlanta Falcons
Clark Phillips III,22,CB,ACT,69,185,3,Utah,Atlanta Falcons
Bradley Pinion,13,P,ACT,77,265,11,Clemson,Atlanta Falcons
Kyle Pitts,8,TE,ACT,78,250,5,Florida,Atlanta Falcons
Teagan Quitoriano,85,TE,ACT,78,259,4,Oregon State,Atlanta Falcons
Bijan Robinson,7,RB,ACT,71,215,3,Texas,Atlanta Falcons
David Sills,87,WR,ACT,75,211,3,West Virginia,Atlanta Falcons
Joshua Simon,47,TE,ACT,76,240,R,South Carolina,Atlanta Falcons
Quincy Skinner Jr.,36,WR,ACT,74,205,R,Vanderbilt,Atlanta Falcons
Easton Stick,12,QB,ACT,73,224,6,North Dakota State,Atlanta Falcons
Kentavius Street,93,DE,ACT,74,315,7,N.C. State,Atlanta Falcons
Keith Taylor,39,CB,ACT,75,195,4,Washington,Atlanta Falcons
A.J. Terrell,24,CB,ACT,73,200,6,Clemson,Atlanta Falcons
Josh Thompson,45,SAF,ACT,72,191,2,Texas,Atlanta Falcons
Bralen Trice,48,LB,ACT,76,274,2,Washington,Atlanta Falcons
Malik Verdon,43,LB,ACT,76,218,R,Iowa State,Atlanta Falcons
Jalon Walker,11,DE,ACT,74,245,R,Georgia,Atlanta Falcons
Carlos Washington,26,RB,ACT,71,210,1,Southeastern Louisiana,Atlanta Falcons
Casey Washington,82,WR,ACT,72,205,2,Illinois,Atlanta Falcons
Xavier Watts,31,SAF,ACT,72,203,R,Notre Dame,Atlanta Falcons
Tyrone Wheatley Jr.,74,OT,RES,78,320,2,Stony Brook,Atlanta Falcons
Elijah Wilkinson,71,OT,ACT,78,310,9,UMass Amherst,Atlanta Falcons
Jordan Williams,62,OT,ACT,78,315,R,Georgia Tech,Atlanta Falcons
Charlie Woerner,89,TE,ACT,77,250,6,Georgia,Atlanta Falcons
Josh Woods,42,LB,ACT,73,240,6,Maryland,Atlanta Falcons
Popo Aumavae,78,DT,RES,75,315,2,Oregon,Carolina Panthers
Emani Bailey,39,RB,ACT,67,202,1,TCU,Carolina Panthers
Krys Barnes,40,LB,ACT,74,229,6,UCLA,Carolina Panthers
Shemar Bartholomew,27,CB,ACT,73,200,2,Georgia Southern,Carolina Panthers
Carlos Basham,54,LB,ACT,75,274,5,Wake Forest,Carolina Panthers
Raheem Blackshear,3,RB,ACT,69,190,4,Virginia Tech,Carolina Panthers
Jonathon Brooks,24,RB,PUP,72,207,2,Texas,Carolina Panthers
JaTravis Broughton,43,CB,ACT,71,195,R,TCU,Carolina Panthers
Derrick Brown,95,DT,ACT,77,320,6,Auburn,Carolina Panthers
Bobby Brown III,97,DT,ACT,76,332,5,Texas A&M,Carolina Panthers
Ja'Tyre Carter,65,G,ACT,75,311,3,Southern,Carolina Panthers
Claudin Cherelus,53,LB,ACT,74,230,3,Alcorn State,Carolina Panthers
Brady Christensen,70,OT,ACT,78,300,5,BYU,Carolina Panthers
Jalen Coker,18,WR,ACT,75,213,2,Holy Cross,Carolina Panthers
Austin Corbett,63,C,ACT,76,306,8,Nevada,Carolina Panthers
Jaden Crumedy,96,DT,ACT,76,309,2,Mississippi State,Carolina Panthers
Dominique Dafney,46,TE,ACT,75,235,2,Indiana State,Carolina Panthers
Andy Dalton,14,QB,ACT,74,220,15,TCU,Carolina Panthers
Mello Dotson,28,CB,ACT,72,192,R,Kansas,Carolina Panthers
Rico Dowdle,5,RB,ACT,72,215,6,South Carolina,Carolina Panthers
Ikem Ekwonu,79,OT,ACT,76,320,4,N.C. State,Carolina Panthers
Trevor Etienne,23,RB,ACT,68,198,R,Georgia,Carolina Panthers
Akayleb Evans,29,CB,ACT,74,198,4,Missouri,Carolina Panthers
Mitchell Evans,84,TE,ACT,77,258,R,Notre Dame,Carolina Panthers
Ryan Fitzgerald,35,K,ACT,71,193,R,Florida State,Carolina Panthers
Jacolby George,80,WR,ACT,71,172,R,Miami,Carolina Panthers
Isaac Gifford,25,SAF,ACT,72,203,R,Nebraska,Carolina Panthers
Jared Harrison-Hunte,75,DE,ACT,76,294,R,SMU,Carolina Panthers
Jack Henderson,20,SAF,ACT,74,215,R,Minnesota,Carolina Panthers
Jaycee Horn,8,CB,ACT,73,200,5,South Carolina,Carolina Panthers
Jimmy Horn Jr.,15,WR,ACT,68,174,R,Colorado,Carolina Panthers
Chuba Hubbard,30,RB,ACT,73,210,5,Oklahoma State,Carolina Panthers
Kobe Hudson,86,WR,ACT,72,193,R,UCF,Carolina Panthers
Robert Hunt,50,OT,ACT,78,323,6,Louisiana-Lafayette,Carolina Panthers
Thomas Incoom,48,LB,ACT,74,265,3,Central Michigan,Carolina Panthers
Mike Jackson,2,CB,ACT,73,210,5,Miami,Carolina Panthers
Cam Jackson,55,DT,ACT,78,328,R,Florida,Carolina Panthers
J.J. Jansen,44,LS,ACT,74,235,18,Notre Dame,Carolina Panthers
DJ Johnson,52,LB,ACT,76,260,3,Oregon,Carolina Panthers
Patrick Jones II,91,LB,ACT,76,264,5,Pittsburgh,Carolina Panthers
Luke Kandra,67,G,ACT,76,319,R,Cincinnati,Carolina Panthers
Jarrett Kingston,61,G,ACT,76,308,2,USC,Carolina Panthers
Xavier Legette,17,WR,ACT,75,227,2,South Carolina,Carolina Panthers
Damien Lewis,68,G,ACT,74,327,6,LSU,Carolina Panthers
Steven Losoya,66,G,ACT,75,324,R,Vanderbilt,Carolina Panthers
T.J. Luther,81,WR,ACT,73,180,1,Gardner-Webb,Carolina Panthers
Kayron Lynch-Adams,34,RB,ACT,70,215,R,Michigan State,Carolina Panthers
Tyler Mabry,43,TE,RES,75,247,2,Maryland,Carolina Panthers
Sam Martin,6,P,ACT,73,205,13,Appalachian State,Carolina Panthers
Bam Martin-Scott,57,LB,ACT,74,231,R,South Carolina,Carolina Panthers
Cade Mays,64,G,ACT,78,325,4,Tennessee,Carolina Panthers
Tetairoa McMillan,4,WR,ACT,77,212,R,Arizona,Carolina Panthers
James Mitchell,85,TE,ACT,76,249,3,Virginia Tech,Carolina Panthers
Tre'von Moehrig,7,SAF,ACT,74,202,5,TCU,Carolina Panthers
David Moore,83,WR,ACT,72,219,7,East Central,Carolina Panthers
Taylor Moton,72,OT,ACT,77,325,9,Western Michigan,Carolina Panthers
Mapalo Mwansa,58,LB,ACT,74,230,R,"",Carolina Panthers
Yosh Nijman,77,OT,ACT,79,314,6,Virginia Tech,Carolina Panthers
Bryce Perkins,10,QB,ACT,75,215,3,Virginia,Carolina Panthers
Bryce Pierre,45,TE,ACT,77,255,R,UCLA,Carolina Panthers
Jack Plummer,16,QB,ACT,77,215,1,Louisville,Carolina Panthers
Lathan Ransom,22,SAF,ACT,72,206,R,Ohio State,Carolina Panthers
LaBryan Ray,93,DT,ACT,76,290,3,Alabama,Carolina Panthers
Ja'Seem Reed,88,WR,ACT,74,195,R,San Diego,Carolina Panthers
Michael Reid,35,CB,ACT,74,200,R,South Dakota,Carolina Panthers
Hunter Renfrow,13,WR,ACT,70,185,6,Clemson,Carolina Panthers
Jon Rhattigan,49,LB,ACT,72,236,5,Army,Carolina Panthers
Demani Richardson,36,SAF,ACT,73,215,2,Texas A&M,Carolina Panthers
Sam Roberts,74,DT,ACT,77,295,3,NW Missouri State University,Carolina Panthers
A'Shawn Robinson,94,DT,ACT,75,320,10,Alabama,Carolina Panthers
Christian Rozeboom,56,LB,ACT,74,230,5,South Dakota State,Carolina Panthers
Ja'Tavion Sanders,"",TE,ACT,76,252,2,Texas,Carolina Panthers
Nick Scott,21,SAF,ACT,71,200,7,Penn State,Carolina Panthers
Nic Scourton,11,LB,ACT,74,257,R,Texas A&M,Carolina Panthers
Chau Smith-Wade,26,CB,ACT,71,176,2,Washington State,Carolina Panthers
Tre Swilling,39,CB,ACT,73,196,1,Georgia Tech,Carolina Panthers
Michael Tarquin,71,OT,ACT,78,313,R,Oklahoma,Carolina Panthers
Adam Thielen,19,WR,ACT,74,195,12,Minnesota State,Carolina Panthers
Trevian Thomas,42,SAF,ACT,71,196,R,Arkansas State,Carolina Panthers
Corey Thornton,31,CB,ACT,73,195,R,Louisville,Carolina Panthers
Brycen Tremayne,87,WR,ACT,76,212,1,Stanford,Carolina Panthers
Tommy Tremble,82,TE,ACT,76,250,5,Notre Dame,Carolina Panthers
Shy Tuttle,99,DT,ACT,75,300,7,Tennessee,Carolina Panthers
Princely Umanmielen,33,LB,ACT,76,244,R,Mississippi,Carolina Panthers
Trevin Wallace,32,LB,ACT,73,244,2,Kentucky,Carolina Panthers
Brandon Walton,73,OT,ACT,77,300,3,Florida Atlantic,Carolina Panthers
J.J. Weaver,47,LB,ACT,76,250,R,Kentucky,Carolina Panthers
Tershawn Wharton,92,DE,ACT,73,280,6,Missouri-Rolla,Carolina Panthers
Jacoby Windmon,41,LB,ACT,74,250,2,Michigan State,Carolina Panthers
D.J. Wonnum,98,LB,ACT,77,258,6,South Carolina,Carolina Panthers
Matthew Wright,37,K,ACT,71,174,4,UCF,Carolina Panthers
Bryce Young,9,QB,ACT,70,204,3,Alabama,Carolina Panthers
Chandler Zavala,62,G,ACT,75,322,3,N.C. State,Carolina Panthers
Maurice Alexander,13,WR,ACT,70,171,1,Florida International,Chicago Bears
Kiran Amegadjie,72,OT,ACT,77,326,2,Yale,Chicago Bears
Tyson Bagent,17,QB,ACT,75,213,3,Shepherd,Chicago Bears
Ryan Bates,71,OT,ACT,76,306,7,Penn State,Chicago Bears
Theo Benedet,79,OL,ACT,79,305,1,University of British Columbia,Chicago Bears
Andrew Billings,97,DT,ACT,73,340,9,Baylor,Chicago Bears
Josh Blackwell,39,CB,ACT,71,180,4,Duke,Chicago Bears
Austin Booker,94,DE,ACT,78,245,2,Kansas,Chicago Bears
Miles Boykin,80,WR,ACT,75,231,6,Notre Dame,Chicago Bears
Swayze Bozeman,27,LB,ACT,73,230,1,Southern Mississippi,Chicago Bears
Millard Bradford,35,SAF,ACT,70,191,1,TCU,Chicago Bears
Jaquan Brisker,9,SAF,ACT,73,204,4,Penn State,Chicago Bears
Brittain Brown,38,RB,ACT,73,205,3,UCLA,Chicago Bears
Luther Burden III,87,WR,ACT,72,210,R,Missouri,Chicago Bears
Major Burns,35,SAF,CUT,74,209,R,LSU,Chicago Bears
Kevin Byard,31,FS,ACT,71,218,10,Middle Tennessee State,Chicago Bears
Stephen Carlson,88,TE,ACT,76,248,4,Princeton,Chicago Bears
Xavier Carlton,93,DE,ACT,78,273,R,California,Chicago Bears
Alex Cook,37,SAF,ACT,73,196,2,Washington,Chicago Bears
Drew Dalman,52,C,ACT,75,300,5,Stanford,Chicago Bears
Scott Daly,46,LS,ACT,73,245,5,Notre Dame,Chicago Bears
Gervon Dexter Sr.,99,DT,ACT,78,326,3,Florida,Chicago Bears
Devin Duvernay,12,WR,ACT,71,202,6,Texas,Chicago Bears
Power Echols,57,LB,ACT,71,240,R,North Carolina,Chicago Bears
Tremaine Edmunds,49,MLB,ACT,76,251,8,Virginia Tech,Chicago Bears
T.J. Edwards,53,LB,ACT,72,228,7,Wisconsin,Chicago Bears
Luke Elkin,43,LS,ACT,73,235,R,Iowa,Chicago Bears
Tre Flowers,37,CB,ACT,75,203,8,Oklahoma State,Chicago Bears
Jonathan Ford,64,DT,ACT,77,346,3,Miami,Chicago Bears
Zah Frazier,20,CB,ACT,75,185,R,Texas-San Antonio,Chicago Bears
Royce Freeman,"",RB,ACT,72,238,6,Oregon,Chicago Bears
Mekhi Garner,26,CB,ACT,74,212,1,LSU,Chicago Bears
Chris Glaser,63,G,ACT,76,308,2,Virginia,Chicago Bears
Kyler Gordon,6,CB,ACT,71,200,4,Washington,Chicago Bears
Thomas Gordon,48,TE,ACT,77,250,R,Northwestern,Chicago Bears
Deion Hankins,35,RB,RES,71,226,R,Texas State-San Marcos,Chicago Bears
Daniel Hardy,92,DE,ACT,74,255,3,Montana State,Chicago Bears
Kaleb Hayes,38,DB,ACT,72,194,1,BYU,Chicago Bears
Elijah Hicks,22,SAF,ACT,71,204,4,California,Chicago Bears
Travis Homer,21,RB,ACT,70,211,7,Miami,Chicago Bears
Ruben Hyppolite II,47,LB,ACT,72,236,R,Maryland,Chicago Bears
John Jackson,82,WR,CUT,72,213,1,Nevada,Chicago Bears
Jonah Jackson,73,G,ACT,75,319,6,Ohio State,Chicago Bears
Grady Jarrett,50,DT,ACT,73,294,11,Clemson,Chicago Bears
Jaylon Johnson,1,CB,ACT,72,195,6,Utah,Chicago Bears
Roschon Johnson,23,RB,ACT,72,227,3,Texas,Chicago Bears
Tysheem Johnson,33,SAF,ACT,70,195,R,Oregon,Chicago Bears
Braxton Jones,70,OT,ACT,77,303,4,Southern Utah State,Chicago Bears
Carl Jones,43,LB,ACT,72,223,1,UCLA,Chicago Bears
Case Keenum,11,QB,ACT,73,220,13,Houston,Chicago Bears
Jonathan Kim,27,K,CUT,72,232,R,Michigan State,Chicago Bears
Cole Kmet,85,TE,ACT,78,257,6,Notre Dame,Chicago Bears
Tanoh Kpassagnon,69,DE,ACT,79,289,8,Villanova,Chicago Bears
Doug Kramer,68,C,ACT,74,300,4,Illinois,Chicago Bears
Jamree Kromah,59,DL,ACT,75,268,1,James Madison,Chicago Bears
Colston Loveland,84,TE,ACT,78,241,R,Michigan,Chicago Bears
Nick McCloud,24,CB,ACT,73,190,5,Notre Dame,Chicago Bears
Jordan McFadden,74,G,ACT,74,306,3,Clemson,Chicago Bears
Joshua Miles,78,OT,ACT,77,318,4,Morgan State,Chicago Bears
Kyle Monangai,25,RB,ACT,68,207,R,Rutgers,Chicago Bears
DJ Moore,2,WR,ACT,72,213,8,Maryland,Chicago Bears
Bill Murray,60,OL,ACT,75,321,2,William & Mary,Chicago Bears
Jordan Murray,48,TE,CUT,76,255,1,Hawaii,Chicago Bears
Luke Newman,65,G,ACT,76,308,R,Michigan State,Chicago Bears
Dayo Odeyingbo,55,DE,ACT,77,282,5,Vanderbilt,Chicago Bears
Rome Odunze,15,WR,ACT,75,215,2,Washington,Chicago Bears
Amen Ogbongbemiga,45,LB,ACT,73,226,5,Oklahoma State,Chicago Bears
Jonathan Owens,36,DB,ACT,71,204,7,Missouri Western,Chicago Bears
Mark Perry,21,SAF,ACT,72,213,1,TCU,Chicago Bears
Zacch Pickens,96,DT,ACT,76,303,3,South Carolina,Chicago Bears
Austin Reed,16,QB,ACT,73,214,1,Western Kentucky,Chicago Bears
JP Richardson,26,WR,ACT,71,192,R,TCU,Chicago Bears
Dominique Robinson,90,DE,ACT,77,275,4,Miami (Ohio),Chicago Bears
Cairo Santos,8,K,ACT,68,175,12,Tulane,Chicago Bears
Tyler Scott,10,WR,ACT,70,182,3,Cincinnati,Chicago Bears
Noah Sewell,44,LB,ACT,73,246,3,Oregon,Chicago Bears
Terell Smith,32,CB,ACT,72,204,3,Minnesota,Chicago Bears
Durham Smythe,81,TE,ACT,76,248,8,Notre Dame,Chicago Bears
Ameer Speed,38,DB,CUT,75,215,3,Michigan State,Chicago Bears
Tyrique Stevenson,29,CB,ACT,72,212,3,Miami,Chicago Bears
Ricky Stromberg,67,OL,ACT,76,313,2,Arkansas,Chicago Bears
Montez Sweat,98,DE,ACT,78,270,7,Mississippi State,Chicago Bears
D'Andre Swift,4,RB,ACT,68,204,6,Georgia,Chicago Bears
Tory Taylor,19,P,ACT,76,223,2,Iowa,Chicago Bears
Joe Thuney,62,G,ACT,77,301,10,N.C. State,Chicago Bears
Samori Toure,83,WR,ACT,73,196,3,Nebraska,Chicago Bears
Ozzy Trapilo,75,OT,ACT,80,312,R,Boston College,Chicago Bears
Shemar Turner,95,DT,ACT,75,293,R,Texas A&M,Chicago Bears
Shaun Wade,26,CB,RES,73,196,4,Ohio State,Chicago Bears
Jahdae Walker,20,WR,ACT,75,206,R,Texas A&M,Chicago Bears
Jeremiah Walker,23,CB,ACT,72,192,R,Stephen F. Austin State,Chicago Bears
Ian Wheeler,33,RB,ACT,71,205,2,Howard,Chicago Bears
Caleb Williams,18,QB,ACT,73,226,2,USC,Chicago Bears
Chris Williams,91,DL,ACT,74,298,4,Wagner,Chicago Bears
Joel Wilson,86,TE,ACT,76,245,1,Central Michigan,Chicago Bears
Darnell Wright,58,OT,ACT,77,325,3,Tennessee,Chicago Bears
Nahshon Wright,25,CB,ACT,76,199,5,Oregon State,Chicago Bears
Olamide Zaccheaus,14,WR,ACT,68,199,7,Virginia,Chicago Bears
Hakeem Adeniji,75,OT,ACT,76,315,6,Kansas,Dallas Cowboys
Tommy Akingbesote,92,DT,ACT,76,312,R,Maryland,Dallas Cowboys
Bryan Anger,5,P,ACT,75,214,14,California,Dallas Cowboys
Brandon Aubrey,17,K,ACT,75,218,3,Notre Dame,Dallas Cowboys
Justin Barron,55,LB,ACT,76,235,R,Syracuse,Dallas Cowboys
TJ Bass,66,G,ACT,77,320,3,Oregon,Dallas Cowboys
Cooper Beebe,56,G,ACT,75,320,2,Kansas State,Dallas Cowboys
Markquese Bell,14,LB,ACT,74,215,4,Florida A&M,Dallas Cowboys
DaRon Bland,26,CB,ACT,74,202,4,Fresno State,Dallas Cowboys
Jaydon Blue,34,RB,ACT,69,198,R,Texas,Dallas Cowboys
Tyler Booker,52,G,ACT,77,330,R,Alabama,Dallas Cowboys
Andrew Booth,25,CB,ACT,72,194,4,Clemson,Dallas Cowboys
Nick Broeker,"",G,ACT,76,305,3,Mississippi,Dallas Cowboys
Jalen Brooks,83,WR,ACT,73,203,3,South Carolina,Dallas Cowboys
Earnest Brown IV,51,DE,ACT,77,270,3,Northwestern,Dallas Cowboys
Josh Butler,31,CB,ACT,72,192,2,Michigan State,Dallas Cowboys
Caelen Carson,21,CB,ACT,72,198,2,Wake Forest,Dallas Cowboys
Saahdiq Charles,77,G,ACT,76,328,5,LSU,Dallas Cowboys
Zion Childress,48,CB,ACT,71,203,R,Kentucky,Dallas Cowboys
Geron Christian,79,OT,ACT,77,302,8,Louisville,Dallas Cowboys
Alijah Clark,38,SAF,ACT,73,200,R,Syracuse,Dallas Cowboys
Damone Clark,18,LB,ACT,74,245,4,LSU,Dallas Cowboys
La'el Collins,72,OT,ACT,76,315,9,LSU,Dallas Cowboys
Ajani Cornelius,69,OT,ACT,77,318,R,Oregon,Dallas Cowboys
Jalen Cropper,16,WR,ACT,71,180,1,Fresno State,Dallas Cowboys
Malik Davis,34,RB,ACT,70,205,2,Florida,Dallas Cowboys
Denzel Daxon,95,DE,ACT,74,313,1,Illinois,Dallas Cowboys
Trevon Diggs,7,CB,ACT,73,204,6,Alabama,Dallas Cowboys
Kaiir Elam,20,CB,ACT,73,202,4,Florida,Dallas Cowboys
Donovan Ezeiruaku,41,DE,ACT,74,255,R,Boston College,Dallas Cowboys
Rivaldo Fairweather,45,TE,ACT,75,249,R,Auburn,Dallas Cowboys
Princeton Fant,85,TE,ACT,74,245,2,Tennessee,Dallas Cowboys
Jake Ferguson,87,TE,ACT,77,250,4,Wisconsin,Dallas Cowboys
Ryan Flournoy,19,WR,ACT,73,205,2,Southeast Missouri State,Dallas Cowboys
Dante Fowler Jr.,13,DE,ACT,75,255,11,Florida,Dallas Cowboys
C.J. Goodwin,29,CB,ACT,75,195,10,California (PA),Dallas Cowboys
Will Grier,15,QB,ACT,73,212,6,West Virginia,Dallas Cowboys
Tyler Guyton,60,OT,ACT,79,325,2,Oklahoma,Dallas Cowboys
Kemon Hall,43,CB,ACT,71,202,4,North Texas,Dallas Cowboys
Bruce Harmon,36,CB,CUT,71,205,R,Stephen F. Austin State,Dallas Cowboys
Darius Harris,47,LB,ACT,74,245,5,Middle Tennessee State,Dallas Cowboys
Brock Hoffman,67,C,ACT,76,318,3,Virginia Tech,Dallas Cowboys
Traeshon Holden,7,WR,ACT,74,208,R,Oregon,Dallas Cowboys
Malik Hooker,28,FS,ACT,73,215,9,Ohio State,Dallas Cowboys
James Houston,53,DE,ACT,73,241,4,Jackson State University,Dallas Cowboys
Shemar James,50,LB,ACT,73,235,R,Florida,Dallas Cowboys
Buddy Johnson,23,LB,ACT,74,240,4,Texas A&M,Dallas Cowboys
Robert Jones,65,G,RES,76,321,5,Middle Tennessee State,Dallas Cowboys
Josh Kelly,6,WR,ACT,73,192,R,Texas Tech,Dallas Cowboys
Marshawn Kneeland,94,DE,ACT,75,275,2,Western Michigan,Dallas Cowboys
CeeDee Lamb,88,WR,ACT,74,198,6,Oklahoma,Dallas Cowboys
Marist Liufau,35,LB,ACT,74,239,2,Notre Dame,Dallas Cowboys
Hunter Luepke,40,RB,ACT,73,250,3,North Dakota State,Dallas Cowboys
Phil Mafah,37,RB,ACT,73,232,R,Clemson,Dallas Cowboys
Christian Matthew,37,CB,ACT,74,195,4,Valdosta State,Dallas Cowboys
Joe Milton III,10,QB,ACT,77,236,2,Tennessee,Dallas Cowboys
Jonathan Mingo,81,WR,ACT,74,225,3,Mississippi,Dallas Cowboys
Israel Mukuamu,24,SAF,ACT,76,215,5,South Carolina,Dallas Cowboys
"Kenneth Murray, Jr.",59,LB,ACT,74,245,6,Oklahoma,Dallas Cowboys
Tyler Neville,46,TE,ACT,75,250,R,Virginia,Dallas Cowboys
Osa Odighizuwa,97,DT,ACT,74,285,5,UCLA,Dallas Cowboys
Michael Ojemudia,23,CB,ACT,73,200,4,Iowa,Dallas Cowboys
DeMarvion Overshown,"",LB,ACT,75,230,3,Texas,Dallas Cowboys
Micah Parsons,11,LB,ACT,75,250,5,Penn State,Dallas Cowboys
George Pickens,3,WR,ACT,75,200,4,Georgia,Dallas Cowboys
Dak Prescott,4,QB,ACT,74,230,10,Mississippi State,Dallas Cowboys
Troy Pride,32,CB,ACT,71,198,3,Notre Dame,Dallas Cowboys
Shavon Revel Jr.,27,CB,ACT,74,198,R,East Carolina,Dallas Cowboys
Asim Richards,76,OT,ACT,76,322,3,North Carolina,Dallas Cowboys
Robert Rochell,30,CB,ACT,72,193,5,Central Arkansas,Dallas Cowboys
Jack Sanborn,57,LB,ACT,74,234,4,Wisconsin,Dallas Cowboys
Miles Sanders,27,RB,ACT,71,211,7,Penn State,Dallas Cowboys
Luke Schoonmaker,86,TE,ACT,77,250,3,Michigan,Dallas Cowboys
Dakoda Shepley,64,G,CUT,76,315,2,University of British Columbia,Dallas Cowboys
Trent Sieg,44,LS,ACT,76,255,8,Colorado State,Dallas Cowboys
Mazi Smith,58,DT,ACT,75,315,3,Michigan,Dallas Cowboys
Tyler Smith,73,OT,ACT,77,328,4,Tulsa,Dallas Cowboys
Mike Smith Jr.,39,SAF,ACT,73,212,R,Eastern Kentucky,Dallas Cowboys
Brevyn Spann-Ford,89,TE,ACT,78,265,2,Minnesota,Dallas Cowboys
Terence Steele,78,OT,ACT,78,320,6,Texas Tech,Dallas Cowboys
John Stephens Jr.,49,TE,ACT,78,240,3,Louisiana-Lafayette,Dallas Cowboys
Juanyeh Thomas,2,SAF,ACT,73,215,3,Georgia Tech,Dallas Cowboys
Nathan Thomas,71,OT,ACT,77,330,2,Louisiana-Lafayette,Dallas Cowboys
Solomon Thomas,90,DE,ACT,75,285,9,Stanford,Dallas Cowboys
Jay Toia,93,DT,ACT,74,340,R,UCLA,Dallas Cowboys
Jalen Tolbert,1,WR,ACT,73,195,4,South Alabama,Dallas Cowboys
Payton Turner,98,DE,ACT,78,275,5,Houston,Dallas Cowboys
KaVontae Turpin,9,WR,ACT,67,158,4,TCU,Dallas Cowboys
Deuce Vaughn,42,RB,ACT,65,185,3,Kansas State,Dallas Cowboys
Tyrus Wheat,91,LB,ACT,74,260,3,Mississippi State,Dallas Cowboys
Donovan Wilson,6,SAF,ACT,72,215,7,Texas A&M,Dallas Cowboys
Javonte Williams,33,RB,ACT,70,220,5,North Carolina,Dallas Cowboys
Sam Williams,54,DE,ACT,76,261,4,Mississippi,Dallas Cowboys
Perrion Winfrey,99,DT,ACT,76,290,2,Oklahoma,Dallas Cowboys
Myles Adams,66,DT,ACT,74,290,4,Rice,Detroit Lions
Mitchell Agude,50,LB,ACT,76,262,1,Miami,Detroit Lions
Kyle Allen,8,QB,ACT,75,210,7,Houston,Detroit Lions
Alex Anzalone,34,MLB,ACT,75,234,9,Florida,Detroit Lions
Terrion Arnold,6,CB,ACT,72,195,2,Alabama,Detroit Lions
Kayode Awosika,74,G,ACT,75,322,4,Buffalo,Detroit Lions
Luq Barcoo,40,CB,ACT,73,175,2,San Diego State,Detroit Lions
Derrick Barnes,55,LB,ACT,72,240,5,Purdue,Detroit Lions
Jake Bates,39,K,ACT,70,202,2,Arkansas,Detroit Lions
Ronnie Bell,10,WR,ACT,72,195,3,Michigan,Detroit Lions
Dicaprio Bootle,17,CB,RES,70,195,3,Nebraska,Detroit Lions
Brian Branch,32,CB,ACT,72,203,3,Alabama,Detroit Lions
Gunner Britton,78,G,ACT,78,302,1,Auburn,Detroit Lions
Jack Campbell,46,LB,ACT,77,246,3,Iowa,Detroit Lions
Trystan Colon,67,C,ACT,75,317,6,Missouri,Detroit Lions
Keith Cooper,64,DE,ACT,77,280,R,Houston,Detroit Lions
Zach Cunningham,52,ILB,ACT,75,230,9,Vanderbilt,Detroit Lions
Marcus Davenport,92,DE,ACT,78,285,8,Texas-San Antonio,Detroit Lions
Taylor Decker,68,OT,ACT,79,324,10,Ohio State,Detroit Lions
Khalil Dorsey,30,CB,ACT,68,188,5,Northern Arizona,Detroit Lions
Kingsley Eguakun,65,C,ACT,75,305,1,Florida,Detroit Lions
Jack Fox,3,P,ACT,74,218,6,Rice,Detroit Lions
Miles Frazier,71,G,ACT,78,325,R,LSU,Detroit Lions
Allan George,25,CB,ACT,73,195,1,Vanderbilt,Detroit Lions
Jahmyr Gibbs,"",RB,ACT,69,202,3,Alabama,Detroit Lions
DaRon Gilbert,43,LB,ACT,73,231,1,Northern Illinois,Detroit Lions
Graham Glasgow,60,C,ACT,78,315,10,Michigan,Detroit Lions
Jared Goff,16,QB,ACT,76,217,10,California,Detroit Lions
Erick Hallett,36,SAF,ACT,71,200,1,Pittsburgh,Detroit Lions
Ahmed Hassanein,61,DE,ACT,74,275,R,Boise State,Detroit Lions
Hogan Hatten,49,LS,ACT,74,239,2,Idaho,Detroit Lions
Justin Herron,76,G,RES,77,305,6,Wake Forest,Detroit Lions
Hendon Hooker,2,QB,ACT,75,221,3,Tennessee,Detroit Lions
Zach Horton,40,TE,ACT,76,251,R,Indiana,Detroit Lions
Aidan Hutchinson,97,DE,ACT,79,268,4,Michigan,Detroit Lions
Dan Jackson,28,SAF,RES,73,195,R,Georgia,Detroit Lions
Deon Jackson,36,RB,ACT,72,218,4,Duke,Detroit Lions
Zack Johnson,77,G,ACT,78,301,1,North Dakota State,Detroit Lions
Jamarco Jones,72,OT,ACT,76,315,6,Ohio State,Detroit Lions
Kerby Joseph,31,SAF,ACT,72,210,4,Illinois,Detroit Lions
Jakobie Keeney-James,80,WR,ACT,73,195,R,UMass Amherst,Detroit Lions
Tom Kennedy,85,WR,ACT,70,195,3,Bryant,Detroit Lions
Ian Kennelly,27,SAF,ACT,74,205,R,Grand Valley,Detroit Lions
Sam LaPorta,87,TE,ACT,75,245,3,Iowa,Detroit Lions
Roy Lopez,51,DT,ACT,74,312,5,Arizona,Detroit Lions
Dominic Lovett,19,WR,ACT,70,185,R,Georgia,Detroit Lions
Nate Lynn,57,DE,ACT,75,252,2,William & Mary,Detroit Lions
Avonte Maddox,29,CB,ACT,69,191,8,Pittsburgh,Detroit Lions
Christian Mahogany,73,G,ACT,75,327,2,Boston College,Detroit Lions
Giovanni Manu,59,OL,ACT,79,350,2,University of British Columbia,Detroit Lions
Brodric Martin,99,DT,ACT,77,326,3,Western Kentucky,Detroit Lions
Alim McNeill,54,DT,ACT,74,310,5,N.C. State,Detroit Lions
Jackson Meeks,83,WR,ACT,74,218,R,Syracuse,Detroit Lions
D.J. Miller,42,CB,ACT,70,185,1,Kent State,Detroit Lions
Mason Miller,63,G,ACT,79,310,R,North Dakota State,Detroit Lions
David Montgomery,5,RB,ACT,71,230,7,Iowa State,Detroit Lions
Al-Quadin Muhammad,96,DE,ACT,76,250,8,Miami,Detroit Lions
Netane Muti,52,G,ACT,75,325,5,Fresno State,Detroit Lions
Michael Niese,62,G,ACT,77,300,2,Temple,Detroit Lions
Morice Norris Jr.,26,SAF,ACT,71,208,1,Fresno State,Detroit Lions
Trevor Nowaske,53,LB,ACT,75,237,3,Saginaw Valley State,Detroit Lions
Gunnar Oakes,41,TE,ACT,76,252,R,Eastern Michigan,Detroit Lions
Pat O'Connor,95,DE,ACT,76,300,7,Eastern Michigan,Detroit Lions
Levi Onwuzurike,91,DT,PUP,75,304,5,Washington,Detroit Lions
Joshua Paschal,93,DE,ACT,75,275,4,Kentucky,Detroit Lions
Tim Patrick,12,WR,ACT,77,210,8,Utah,Detroit Lions
Anthony Pittman,41,LB,ACT,75,236,4,Wayne State,Detroit Lions
Ennis Rakestraw Jr.,9,CB,RES,71,188,2,Missouri,Detroit Lions
Tate Ratledge,69,G,ACT,78,315,R,Georgia,Detroit Lions
Kalif Raymond,11,WR,ACT,68,180,9,Holy Cross,Detroit Lions
DJ Reader,98,DE,ACT,75,330,10,Clemson,Detroit Lions
D.J. Reed,4,CB,ACT,69,188,8,Kansas State,Detroit Lions
Craig Reynolds,13,RB,ACT,71,216,6,Kutztown,Detroit Lions
Amik Robertson,21,CB,ACT,69,183,6,Louisiana Tech,Detroit Lions
Kye Robichaux,25,RB,RES,72,213,R,Boston College,Detroit Lions
Malcolm Rodriguez,44,LB,ACT,71,230,4,Oklahoma State,Detroit Lions
Tyson Russell,35,CB,ACT,71,185,R,Vanderbilt,Detroit Lions
Jacob Saylors,48,RB,ACT,71,195,1,East Tennessee State,Detroit Lions
Penei Sewell,58,OT,ACT,77,335,5,Oregon,Detroit Lions
Dan Skipper,70,OT,ACT,81,334,6,Arkansas,Detroit Lions
Jabari Small,42,RB,CUT,71,213,1,Tennessee,Detroit Lions
Chris Smith,90,DT,ACT,73,316,2,Notre Dame,Detroit Lions
Colby Sorsdal,75,G,RES,78,315,3,William & Mary,Detroit Lions
Amon-Ra St. Brown,14,WR,ACT,72,202,5,USC,Detroit Lions
Steven Stilianos,43,TE,ACT,77,264,1,Iowa,Detroit Lions
Loren Strickland,24,SAF,ACT,70,202,2,Ball State,Detroit Lions
Grant Stuard,15,LB,ACT,71,225,5,Houston,Detroit Lions
Keaton Sutherland,"",G,CUT,77,316,3,Texas A&M,Detroit Lions
Malik Taylor,86,WR,ACT,73,220,5,Ferris State,Detroit Lions
Isaac TeSlaa,18,WR,ACT,76,214,R,Arkansas,Detroit Lions
Ezekiel Turner,47,LB,ACT,74,225,8,Washington,Detroit Lions
Isaac Ukwu,45,DE,ACT,75,270,1,Mississippi,Detroit Lions
Sione Vaki,33,RB,ACT,71,216,2,Utah,Detroit Lions
Nick Whiteside,38,DB,ACT,73,200,1,Saginaw Valley State,Detroit Lions
Jameson Williams,1,WR,ACT,73,180,4,Alabama,Detroit Lions
Raequan Williams,76,DT,CUT,76,312,3,Michigan State,Detroit Lions
Tyleik Williams,91,DT,ACT,75,328,R,Ohio State,Detroit Lions
Mekhi Wingo,94,DT,ACT,72,288,2,LSU,Detroit Lions
Brock Wright,89,TE,ACT,77,254,5,Notre Dame,Detroit Lions
Rock Ya-Sin,23,CB,ACT,71,195,7,Temple,Detroit Lions
Kenny Yeboah,88,TE,RES,76,250,5,Mississippi,Detroit Lions
Shane Zylstra,84,TE,ACT,76,244,4,Minnesota State,Detroit Lions
Israel Abanikanda,23,RB,ACT,70,216,3,Pittsburgh,Green Bay Packers
Deslin Alexandre,49,DL,ACT,75,264,1,Pittsburgh,Green Bay Packers
Zayne Anderson,39,SAF,ACT,74,206,3,BYU,Green Bay Packers
Kawaan Baker,17,WR,ACT,73,210,1,South Alabama,Green Bay Packers
Johnathan Baldwin,37,CB,ACT,72,190,R,UNLV,Green Bay Packers
Corey Ballentine,35,DB,ACT,72,191,7,Washburn,Green Bay Packers
Aaron Banks,65,G,ACT,77,325,5,Notre Dame,Green Bay Packers
Brant Banks,72,OT,ACT,79,306,R,Rice,Green Bay Packers
Jared Bartlett,51,LB,ACT,74,237,R,Cincinnati,Green Bay Packers
Anthony Belton,71,OT,ACT,78,336,R,N.C. State,Green Bay Packers
Warren Brinson,91,DT,ACT,77,315,R,Georgia,Green Bay Packers
Chris Brooks,30,RB,ACT,73,219,3,BYU,Green Bay Packers
Karl Brooks,94,DT,ACT,75,296,3,Bowling Green,Green Bay Packers
Omar Brown,40,SAF,ACT,73,205,1,Nebraska,Green Bay Packers
Sam Brown Jr.,17,WR,CUT,74,200,R,Miami,Green Bay Packers
Javon Bullard,20,SAF,ACT,70,198,2,Georgia,Green Bay Packers
Kenny Clark,97,NT,ACT,75,314,10,UCLA,Green Bay Packers
Sean Clifford,16,QB,ACT,74,217,2,Penn State,Green Bay Packers
Edgerrin Cooper,56,LB,ACT,74,229,2,Texas A&M,Green Bay Packers
Tyler Cooper,60,G,ACT,77,302,R,Minnesota,Green Bay Packers
Brenton Cox Jr.,57,DE,ACT,76,250,3,Florida,Green Bay Packers
Tyrion Davis-Price,44,RB,ACT,73,211,3,LSU,Green Bay Packers
Romeo Doubs,87,WR,ACT,74,204,4,Nevada,Green Bay Packers
Isaiah Dunn,47,CB,CUT,72,193,3,Oregon State,Green Bay Packers
Taylor Elgersma,19,QB,ACT,77,227,R,"",Green Bay Packers
Kingsley Enagbare,55,DE,ACT,76,258,4,South Carolina,Green Bay Packers
James Ester,98,DT,ACT,75,289,1,Northern Illinois,Green Bay Packers
John FitzPatrick,86,TE,ACT,79,262,4,Georgia,Green Bay Packers
Rashan Gary,52,DE,ACT,77,277,7,Michigan,Green Bay Packers
Travis Glover,79,OT,RES,78,317,2,Georgia State,Green Bay Packers
Matthew Golden,22,WR,ACT,71,191,R,Texas,Green Bay Packers
Kamal Hadden,36,CB,ACT,73,192,1,Tennessee,Green Bay Packers
Mecole Hardman,6,WR,ACT,70,187,7,Georgia,Green Bay Packers
Malik Heath,18,WR,ACT,74,213,3,Mississippi,Green Bay Packers
Tyron Herring,46,CB,ACT,73,236,R,Delaware,Green Bay Packers
Julian Hicks,81,WR,ACT,74,201,1,Albany,Green Bay Packers
Trey Hill,64,C,ACT,76,319,4,Georgia,Green Bay Packers
Nate Hobbs,21,CB,ACT,73,195,5,Illinois,Green Bay Packers
Garnett Hollis Jr.,41,CB,CUT,73,201,R,West Virginia,Green Bay Packers
Ty'Ron Hopper,59,LB,ACT,74,228,2,Missouri,Green Bay Packers
Josh Jacobs,8,RB,ACT,70,223,7,Alabama,Green Bay Packers
Elgton Jenkins,74,C,ACT,77,311,7,Mississippi State,Green Bay Packers
Donovan Jennings,67,OT,ACT,76,323,1,University of South Florida,Green Bay Packers
Amar Johnson,46,RB,ACT,70,205,R,South Dakota State,Green Bay Packers
Cornelius Johnson,84,WR,ACT,75,212,1,Michigan,Green Bay Packers
Jamon Johnson,48,LB,ACT,73,236,R,Kentucky,Green Bay Packers
Kalen King,34,CB,ACT,71,190,1,Penn State,Green Bay Packers
Tucker Kraft,85,TE,ACT,77,259,3,South Dakota State,Green Bay Packers
J.J. Lippe,61,G,ACT,77,302,R,Northern Illinois,Green Bay Packers
MarShawn Lloyd,32,RB,ACT,69,220,2,USC,Green Bay Packers
Jordan Love,10,QB,ACT,76,219,6,Utah State,Green Bay Packers
Johnny Lumpkin,43,TE,ACT,77,264,1,Louisiana-Lafayette,Green Bay Packers
Isaiah McDuffie,58,LB,ACT,73,227,5,Boston College,Green Bay Packers
Xavier McKinney,29,SAF,ACT,72,201,6,Alabama,Green Bay Packers
Brandon McManus,17,K,ACT,75,201,12,Temple,Green Bay Packers
Mark McNamee,41,K,ACT,76,208,R,"",Green Bay Packers
Bo Melton,80,WR,ACT,71,189,2,Rutgers,Green Bay Packers
Jacob Monk,62,C,ACT,75,308,2,Duke,Green Bay Packers
Jordan Morgan,77,OT,ACT,77,311,2,Arizona,Green Bay Packers
Arron Mosby,53,DE,ACT,75,250,3,Fresno State,Green Bay Packers
Luke Musgrave,88,TE,ACT,78,253,3,Oregon State,Green Bay Packers
Isaiah Neyor,80,WR,ACT,76,218,R,Nebraska,Green Bay Packers
Keisean Nixon,25,CB,ACT,70,200,7,South Carolina,Green Bay Packers
Kitan Oladapo,27,SAF,ACT,74,216,2,Oregon State,Green Bay Packers
Collin Oliver,45,DE,ACT,74,240,R,Oklahoma State,Green Bay Packers
Devonte O'Malley,69,DT,ACT,75,284,R,Northern Illinois,Green Bay Packers
Matthew Orzech,42,LS,ACT,75,245,6,Azusa Pacific,Green Bay Packers
Keith Randolph Jr.,60,DT,RES,76,296,1,Illinois,Green Bay Packers
Jayden Reed,11,WR,ACT,71,187,3,Michigan State,Green Bay Packers
Sean Rhyan,75,OT,ACT,77,320,4,UCLA,Green Bay Packers
Micah Robinson,26,CB,ACT,71,183,R,Tulane,Green Bay Packers
Will Sheppard,82,WR,ACT,75,196,R,Colorado,Green Bay Packers
Isaiah Simmons,28,LB,ACT,76,238,6,Clemson,Green Bay Packers
Jaylin Simpson,38,CB,ACT,72,179,1,Auburn,Green Bay Packers
Ben Sims,89,TE,ACT,77,250,3,Baylor,Green Bay Packers
Lecitus Smith,68,G,ACT,75,314,3,Virginia Tech,Green Bay Packers
Barryn Sorrell,99,DE,ACT,75,256,R,Texas,Green Bay Packers
Nazir Stackhouse,93,DT,ACT,76,327,R,Georgia,Green Bay Packers
Messiah Swinson,48,TE,ACT,79,259,1,Arizona State,Green Bay Packers
Kadeem Telfort,76,OT,ACT,79,322,2,UAB,Green Bay Packers
Zach Tom,50,G,ACT,76,304,4,Wake Forest,Green Bay Packers
Carrington Valentine,24,CB,ACT,72,189,3,Kentucky,Green Bay Packers
Lukas Van Ness,90,DE,ACT,77,272,3,Iowa,Green Bay Packers
Quay Walker,7,LB,ACT,76,240,4,Georgia,Green Bay Packers
Rasheed Walker,63,OT,ACT,78,325,4,Penn State,Green Bay Packers
Christian Watson,9,WR,ACT,76,208,4,North Dakota State,Green Bay Packers
Kristian Welch,54,LB,ACT,75,240,6,Iowa,Green Bay Packers
Daniel Whelan,19,P,ACT,77,216,3,UC Davis,Green Bay Packers
Jalen White,35,RB,CUT,72,205,R,Georgia Southern,Green Bay Packers
Dontayvion Wicks,13,WR,ACT,73,206,3,Virginia,Green Bay Packers
Evan Williams,33,SAF,ACT,71,200,2,Oregon,Green Bay Packers
John Williams,73,G,ACT,76,322,R,Cincinnati,Green Bay Packers
Savion Williams,83,WR,ACT,76,222,R,TCU,Green Bay Packers
Malik Willis,2,QB,ACT,73,225,4,Liberty,Green Bay Packers
Emanuel Wilson,31,RB,ACT,71,226,3,Fort Valley State College,Green Bay Packers
Colby Wooden,96,DE,ACT,76,273,3,Auburn,Green Bay Packers
Devonte Wyatt,95,DT,ACT,75,304,4,Georgia,Green Bay Packers
Davante Adams,17,WR,ACT,73,215,12,Fresno State,Los Angeles Rams
Davis Allen,87,TE,ACT,78,251,3,Clemson,Los Angeles Rams
A.J. Arcuri,61,OT,ACT,79,308,2,Michigan State,Los Angeles Rams
Tutu Atwell,5,WR,ACT,69,165,5,Louisville,Los Angeles Rams
Steve Avila,73,G,ACT,75,338,3,TCU,Los Angeles Rams
Stetson Bennett,13,QB,ACT,71,190,2,Georgia,Los Angeles Rams
Wyatt Bowles,60,G,ACT,77,300,R,Utah State,Los Angeles Rams
McCallan Castles,49,TE,ACT,77,252,1,Tennessee,Los Angeles Rams
Blake Corum,22,RB,ACT,68,210,2,Michigan,Los Angeles Rams
Britain Covey,10,WR,ACT,68,173,4,Utah,Los Angeles Rams
Kam Curl,3,SAF,ACT,74,205,6,Arkansas,Los Angeles Rams
Tyler Davis,90,DT,ACT,74,300,2,Clemson,Los Angeles Rams
Justin Dedich,67,OL,ACT,74,300,2,USC,Los Angeles Rams
Malik Dixon-Williams,39,SAF,ACT,73,200,R,Connecticut,Los Angeles Rams
Shaun Dolac,56,LB,ACT,73,225,R,Buffalo,Los Angeles Rams
Ben Dooley,66,OT,ACT,77,320,R,Boise State,Los Angeles Rams
Kevin Dotson,69,G,ACT,76,330,6,Louisiana-Lafayette,Los Angeles Rams
Cobie Durant,14,CB,ACT,71,182,4,South Carolina State,Los Angeles Rams
Tru Edwards,82,WR,ACT,75,201,R,Louisiana Tech,Los Angeles Rams
Ethan Evans,42,P,ACT,75,250,3,Wingate,Los Angeles Rams
Terrance Ferguson,18,TE,ACT,77,255,R,Oregon,Los Angeles Rams
Tony Fields II,40,LB,ACT,73,220,5,West Virginia,Los Angeles Rams
Braden Fiske,55,DE,ACT,77,291,2,Florida State,Los Angeles Rams
Emmanuel Forbes,25,CB,ACT,72,180,3,Mississippi State,Los Angeles Rams
Poona Ford,95,DT,ACT,71,310,8,Texas,Los Angeles Rams
Jimmy Garoppolo,11,QB,ACT,74,225,12,Eastern Illinois,Los Angeles Rams
A.J. Green,27,CB,ACT,74,198,3,Oklahoma State,Los Angeles Rams
Ty Hamilton,57,DT,ACT,75,295,R,Ohio State,Los Angeles Rams
Nick Hampton,6,LB,ACT,75,250,3,Appalachian State,Los Angeles Rams
Rob Havenstein,79,OT,ACT,80,323,11,Wisconsin,Los Angeles Rams
Decarius Hawthorne,92,DT,ACT,74,290,R,South Florida Community College,Los Angeles Rams
Jack Heflin,93,DE,ACT,75,304,2,Iowa,Los Angeles Rams
Tyler Higbee,89,TE,ACT,78,255,10,Western Kentucky,Los Angeles Rams
D.J. Humphries,72,OT,ACT,77,307,11,Florida,Los Angeles Rams
Jarquez Hunter,35,RB,ACT,70,209,R,Auburn,Los Angeles Rams
Tanner Ingle,34,SAF,ACT,68,195,1,N.C. State,Los Angeles Rams
Alaric Jackson,77,OT,ACT,79,345,5,Iowa,Los Angeles Rams
Brennan Jackson,44,LB,ACT,76,263,2,Washington State,Los Angeles Rams
Desjuan Johnson,94,DE,ACT,75,280,3,Toledo,Los Angeles Rams
Shaun Jolly,24,CB,ACT,69,186,3,Appalachian State,Los Angeles Rams
Joshua Karty,16,K,ACT,74,208,2,Stanford,Los Angeles Rams
Derion Kendrick,1,CB,ACT,72,199,4,Georgia,Los Angeles Rams
Kamren Kinchens,26,SAF,ACT,71,207,2,Miami,Los Angeles Rams
Quentin Lake,37,SAF,ACT,73,196,4,UCLA,Los Angeles Rams
Cam Lampkin,33,DB,ACT,71,176,1,Washington State,Los Angeles Rams
Willie Lampkin,62,G,ACT,71,290,R,North Carolina,Los Angeles Rams
Nate Landman,53,LB,ACT,75,235,4,Colorado,Los Angeles Rams
John Leglue,"",G,ACT,79,310,2,Tulane,Los Angeles Rams
KT Leveston,70,OL,ACT,76,337,2,Kansas State,Los Angeles Rams
Beaux Limmer,50,G,ACT,77,312,2,Arkansas,Los Angeles Rams
Mike Mcallister,"",C,ACT,74,305,1,Youngstown State,Los Angeles Rams
Warren McClendon Jr.,71,OT,ACT,76,317,3,Georgia,Los Angeles Rams
Jaylen McCollough,2,SAF,ACT,72,202,2,Tennessee,Los Angeles Rams
Dylan McMahon,63,C,ACT,75,298,2,N.C. State,Los Angeles Rams
Jamil Muhammad,45,LB,ACT,73,260,R,USC,Los Angeles Rams
Konata Mumpfield,15,WR,ACT,73,185,R,Pittsburgh,Los Angeles Rams
Larrell Murchison,52,DT,ACT,74,285,6,N.C. State,Los Angeles Rams
Puka Nacua,12,WR,ACT,74,212,3,BYU,Los Angeles Rams
Elias Neal,58,LB,ACT,72,226,2,Marshall,Los Angeles Rams
Bill Norton,97,DE,ACT,78,335,R,Texas,Los Angeles Rams
Colby Parkinson,84,TE,ACT,79,265,6,Stanford,Los Angeles Rams
Pooh Paul Jr.,54,LB,ACT,73,235,R,Mississippi,Los Angeles Rams
Josh Pearcy,59,OLB,ACT,74,245,R,Rice,Los Angeles Rams
Brennan Presley,81,WR,ACT,68,174,R,Oklahoma State,Los Angeles Rams
David Quessenberry,68,OT,ACT,77,310,8,San Jose State,Los Angeles Rams
Mark Redman,83,TE,ACT,77,255,R,Louisville,Los Angeles Rams
Troy Reeder,51,LB,ACT,75,236,7,Delaware,Los Angeles Rams
Ronnie Rivers,20,RB,ACT,69,192,4,Fresno State,Los Angeles Rams
Cody Schrader,32,RB,ACT,69,214,2,Missouri,Los Angeles Rams
Coleman Shelton,65,C,ACT,77,285,7,Washington,Los Angeles Rams
Xavier Smith,19,WR,ACT,69,176,2,Florida A&M,Los Angeles Rams
Omar Speights,48,LB,ACT,73,228,2,LSU,Los Angeles Rams
Matthew Stafford,9,QB,ACT,75,214,17,Georgia,Los Angeles Rams
Josaiah Stewart,41,LB,ACT,73,249,R,Michigan,Los Angeles Rams
Drake Stoops,6,WR,ACT,70,189,1,Oklahoma,Los Angeles Rams
Da'Jon Terry,98,DE,ACT,75,330,R,Oklahoma,Los Angeles Rams
Keir Thomas,96,LB,RES,74,260,3,Florida State,Los Angeles Rams
Anthony Torres,46,TE,CUT,78,250,R,Toledo,Los Angeles Rams
Kobie Turner,91,DE,ACT,74,297,3,Wake Forest,Los Angeles Rams
Nate Valcarcel,43,SAF,ACT,73,192,R,Northern Illinois,Los Angeles Rams
Jared Verse,8,LB,ACT,76,260,2,Florida State,Los Angeles Rams
Josh Wallace,30,CB,ACT,72,190,2,Michigan,Los Angeles Rams
Alex Ward,47,LS,ACT,76,240,3,UCF,Los Angeles Rams
Jordan Waters,36,RB,ACT,72,215,R,N.C. State,Los Angeles Rams
Trey Wedig,64,OT,ACT,79,319,R,Indiana,Los Angeles Rams
Jordan Whittington,88,WR,ACT,73,202,2,Texas,Los Angeles Rams
Darious Williams,31,CB,ACT,69,192,8,UAB,Los Angeles Rams
Kyren Williams,23,RB,ACT,69,202,4,Notre Dame,Los Angeles Rams
Mario Williams,86,WR,CUT,69,178,R,Tulane,Los Angeles Rams
Dresser Winn,4,QB,ACT,74,212,1,Tennessee-Martin,Los Angeles Rams
Ahkello Witherspoon,4,CB,ACT,74,195,9,Colorado,Los Angeles Rams
Charles Woods,21,CB,ACT,71,185,2,SMU,Los Angeles Rams
Byron Young,"",LB,ACT,74,258,3,Tennessee,Los Angeles Rams
Jordan Addison,3,WR,ACT,71,175,3,USC,Minnesota Vikings
Jonathan Allen,93,DE,ACT,75,300,9,Alabama,Minnesota Vikings
Brian Asamoah II,6,LB,TRC,72,226,4,Oklahoma,Minnesota Vikings
Zack Bailey,79,G,ACT,77,315,3,South Carolina,Minnesota Vikings
Gavin Bartholomew,86,TE,ACT,77,246,R,Pittsburgh,Minnesota Vikings
Tyler Batty,96,LB,ACT,77,271,R,BYU,Minnesota Vikings
Travis Bell,95,DT,ACT,72,310,2,Kennesaw State,Minnesota Vikings
Mekhi Blackmon,5,CB,ACT,71,178,3,USC,Minnesota Vikings
Silas Bolden,83,WR,ACT,68,160,R,Texas,Minnesota Vikings
Blake Brandel,64,G,ACT,79,315,5,Oregon State,Minnesota Vikings
Max Brosmer,12,QB,ACT,74,217,R,Minnesota,Minnesota Vikings
Logan Brown,62,OT,ACT,78,312,R,Kansas,Minnesota Vikings
Henry Byrd,68,G,ACT,77,310,1,Princeton,Minnesota Vikings
Blake Cashman,51,LB,ACT,73,235,7,Minnesota,Minnesota Vikings
Chaz Chambliss,57,LB,ACT,73,242,R,Georgia,Minnesota Vikings
Ty Chandler,32,RB,ACT,71,204,4,North Carolina,Minnesota Vikings
Oscar Chapman,91,P,ACT,75,211,R,Auburn,Minnesota Vikings
Zeke Correll,63,C,RES,75,307,R,N.C. State,Minnesota Vikings
Christian Darrisaw,71,OT,ACT,77,315,5,Virginia Tech,Minnesota Vikings
Andrew DePaola,42,LS,ACT,73,229,11,Rutgers,Minnesota Vikings
Tai Felton,13,WR,ACT,73,183,R,Maryland,Minnesota Vikings
Dontae Fleming,19,WR,ACT,74,180,R,Tulane,Minnesota Vikings
Will Fries,76,G,ACT,78,305,5,Penn State,Minnesota Vikings
Keenan Garber,35,CB,ACT,72,188,R,Kansas State,Minnesota Vikings
Cam Gill,28,LB,ACT,75,240,6,Wagner,Minnesota Vikings
Michael Gonzalez,69,G,ACT,76,305,R,Louisville,Minnesota Vikings
Jonathan Greenard,58,LB,ACT,75,259,6,Florida,Minnesota Vikings
Kahlef Hailassie,25,CB,ACT,73,195,3,Western Kentucky,Minnesota Vikings
C.J. Ham,30,FB,ACT,71,250,9,Augustana (SD),Minnesota Vikings
Javon Hargrave,98,NT,ACT,74,305,10,South Carolina State,Minnesota Vikings
Jonathan Harris,92,DT,ACT,77,295,5,Lindenwood,Minnesota Vikings
T.J. Hockenson,87,TE,ACT,77,248,7,Iowa,Minnesota Vikings
Sam Howell,8,QB,ACT,73,225,4,North Carolina,Minnesota Vikings
Joe Huber,60,G,ACT,77,310,R,Wisconsin,Minnesota Vikings
Tyrion Ingram-Dawkins,90,DT,ACT,77,276,R,Georgia,Minnesota Vikings
Donovan Jackson,74,G,ACT,76,315,R,Ohio State,Minnesota Vikings
Lucky Jackson,81,WR,ACT,72,186,1,Western Kentucky,Minnesota Vikings
Theo Jackson,26,SAF,ACT,73,198,4,Tennessee,Minnesota Vikings
Justin Jefferson,18,WR,ACT,73,195,6,LSU,Minnesota Vikings
Aaron Jones,33,RB,ACT,69,208,9,Texas-El Paso,Minnesota Vikings
Jeshaun Jones,82,WR,ACT,73,188,1,Maryland,Minnesota Vikings
Tim Jones,14,WR,ACT,73,200,4,Southern Mississippi,Minnesota Vikings
Michael Jurgens,65,G,ACT,76,311,2,Wake Forest,Minnesota Vikings
Ryan Kelly,78,C,ACT,76,307,10,Alabama,Minnesota Vikings
Austin Keys,56,LB,ACT,74,247,R,Auburn,Minnesota Vikings
Kobe King,41,LB,ACT,73,236,R,Penn State,Minnesota Vikings
Vershon Lee,66,G,ACT,76,310,R,South Carolina,Minnesota Vikings
Robert Lewis,85,WR,ACT,70,188,R,Auburn,Minnesota Vikings
Jordan Mason,27,RB,ACT,71,223,4,Georgia Tech,Minnesota Vikings
Dorian Mausi,52,LB,ACT,73,234,R,Auburn,Minnesota Vikings
J.J. McCarthy,9,QB,ACT,75,219,2,Michigan,Minnesota Vikings
Dwight McGlothern,29,CB,ACT,74,185,2,Arkansas,Minnesota Vikings
Josh Metellus,44,SAF,ACT,71,207,6,Michigan,Minnesota Vikings
Rondale Moore,4,WR,RES,67,180,5,Purdue,Minnesota Vikings
Gabriel Murphy,59,LB,ACT,74,247,2,UCLA,Minnesota Vikings
Byron Murphy,7,CB,ACT,71,190,7,Washington,Minnesota Vikings
Jalen Nailor,1,WR,ACT,72,190,4,Michigan State,Minnesota Vikings
Matt Nelson,69,OT,RES,79,315,5,Iowa,Minnesota Vikings
Bryson Nesbit,46,TE,ACT,77,238,R,North Carolina,Minnesota Vikings
Jeff Okudah,21,CB,ACT,73,205,6,Ohio State,Minnesota Vikings
Josh Oliver,84,TE,ACT,77,259,7,San Jose State,Minnesota Vikings
Brian O'Neill,75,OT,ACT,79,310,8,Pittsburgh,Minnesota Vikings
Gervarrius Owens,39,SAF,ACT,72,200,2,Houston,Minnesota Vikings
Ivan Pace Jr.,"",LB,ACT,70,231,3,Cincinnati,Minnesota Vikings
Harrison Phillips,97,DT,TRC,75,307,8,Stanford,Minnesota Vikings
Mishael Powell,40,SAF,ACT,73,210,R,Miami,Minnesota Vikings
Myles Price,31,WR,ACT,69,183,R,Indiana,Minnesota Vikings
Jalen Redmond,61,DL,ACT,74,291,2,Oklahoma,Minnesota Vikings
Will Reichard,16,K,ACT,73,187,2,Alabama,Minnesota Vikings
Giovanni Ricci,49,TE,ACT,75,240,3,Western Michigan,Minnesota Vikings
Bo Richter,54,LB,ACT,73,248,2,Air Force,Minnesota Vikings
Isaiah Rodgers,2,CB,ACT,70,176,5,UMass Amherst,Minnesota Vikings
Levi Drake Rodriguez,50,DL,ACT,74,290,2,Texas A&M-Commerce,Minnesota Vikings
Walter Rouse,73,OT,ACT,78,313,2,Oklahoma,Minnesota Vikings
Brett Rypien,11,QB,ACT,74,210,7,Boise State,Minnesota Vikings
Zavier Scott,36,RB,ACT,73,219,1,Maine,Minnesota Vikings
Justin Skule,67,OT,ACT,78,315,6,Vanderbilt,Minnesota Vikings
Harrison Smith,22,FS,ACT,74,211,14,Notre Dame,Minnesota Vikings
Reddy Steward,20,CB,ACT,71,178,1,Troy,Minnesota Vikings
Tre Stewart,38,RB,ACT,68,186,R,Jacksonville State,Minnesota Vikings
Taki Taimani,94,DL,ACT,73,309,2,Oregon,Minnesota Vikings
Ambry Thomas,23,CB,ACT,72,190,5,Michigan,Minnesota Vikings
Tavierre Thomas,37,CB,ACT,70,205,8,Ferris State,Minnesota Vikings
Thayer Thomas,89,WR,ACT,72,195,1,N.C. State,Minnesota Vikings
Maxwell Tooley,45,LB,CUT,74,225,1,BYU,Minnesota Vikings
Dallas Turner,15,LB,ACT,75,247,2,Alabama,Minnesota Vikings
Xazavian Valladay,47,RB,ACT,72,198,1,Arizona State,Minnesota Vikings
Andrew Van Ginkel,43,OLB,ACT,76,242,7,Wisconsin,Minnesota Vikings
Nick Vannett,45,TE,ACT,78,257,10,Ohio State,Minnesota Vikings
Zemaiah Vaughn,34,CB,ACT,75,187,R,Utah,Minnesota Vikings
Jay Ward,24,SAF,ACT,73,188,3,LSU,Minnesota Vikings
Leroy Watson IV,72,OT,ACT,77,311,3,Texas-San Antonio,Minnesota Vikings
Alex Williams,99,DE,RES,79,291,R,Middle Tennessee State,Minnesota Vikings
Elijah Williams,69,DE,ACT,75,270,R,Morgan State,Minnesota Vikings
Eric Wilson,55,LB,ACT,73,230,9,Cincinnati,Minnesota Vikings
Ryan Wright,17,P,ACT,75,245,4,Tulane,Minnesota Vikings
Ben Yurosek,48,TE,ACT,76,245,R,Georgia,Minnesota Vikings
Cam Akers,26,RB,ACT,70,217,5,Florida State,New Orleans Saints
Ugo Amadi,"",CB,ACT,69,201,7,Oregon,New Orleans Saints
Kevin Austin Jr.,81,WR,ACT,74,200,2,Notre Dame,New Orleans Saints
Kelvin Banks Jr.,71,OT,ACT,77,315,R,Texas,New Orleans Saints
Dalys Beanum,37,CB,ACT,73,200,R,South Dakota State,New Orleans Saints
Julian Blackmon,28,SAF,ACT,72,202,6,Utah,New Orleans Saints
Khristian Boyd,97,DT,ACT,74,320,2,Northern Iowa,New Orleans Saints
Bryan Bresee,90,DT,ACT,77,305,3,Clemson,New Orleans Saints
Vernon Broughton,91,DT,ACT,76,305,R,Texas,New Orleans Saints
Jonathan Bullard,58,DE,ACT,75,290,10,Florida,New Orleans Saints
Terrell Burgess,24,SAF,ACT,71,202,5,Utah,New Orleans Saints
James Burnip,46,P,ACT,78,236,R,Alabama,New Orleans Saints
Will Clapp,76,C,RES,77,314,8,LSU,New Orleans Saints
Brandin Cooks,10,WR,ACT,70,193,12,Oregon State,New Orleans Saints
Roderick Daniels Jr.,89,WR,ACT,69,186,R,SMU,New Orleans Saints
Demario Davis,56,OLB,ACT,74,248,14,Arkansas State,New Orleans Saints
Jasheen Davis,59,DE,ACT,75,270,R,Wake Forest,New Orleans Saints
Elliott Davison,35,SAF,ACT,72,190,R,Texas-San Antonio,New Orleans Saints
Hunter Dekkers,18,QB,CUT,74,212,R,Iowa Western CC,New Orleans Saints
Fadil Diggs,40,DE,ACT,77,261,R,Syracuse,New Orleans Saints
Moochie Dixon,84,WR,ACT,72,187,R,SMU,New Orleans Saints
Clyde Edwards-Helaire,23,RB,ACT,67,207,6,LSU,New Orleans Saints
Josiah Ezirim,72,OT,ACT,78,329,1,Eastern Kentucky,New Orleans Saints
Jaylan Ford,53,LB,ACT,74,240,2,Texas,New Orleans Saints
Luke Fortner,63,C,ACT,76,307,4,Kentucky,New Orleans Saints
Isaiah Foskey,55,DE,ACT,77,270,3,Notre Dame,New Orleans Saints
Taliese Fuaga,75,OT,ACT,78,324,2,Oregon State,New Orleans Saints
Davon Godchaux,92,DT,ACT,75,330,9,LSU,New Orleans Saints
Carl Granderson,96,DE,ACT,77,261,7,Wyoming,New Orleans Saints
J.T. Gray,48,DB,ACT,72,202,8,Mississippi State,New Orleans Saints
Seth Green,42,TE,ACT,76,255,1,Houston,New Orleans Saints
Blake Grupe,19,K,ACT,67,156,3,Notre Dame,New Orleans Saints
Jake Haener,3,QB,ACT,73,200,3,Fresno State,New Orleans Saints
Kyle Hergel,60,G,ACT,74,315,2,Boston College,New Orleans Saints
Taysom Hill,7,TE,ACT,74,221,9,BYU,New Orleans Saints
Jordan Howden,31,SAF,ACT,72,210,3,Minnesota,New Orleans Saints
D'Marco Jackson,52,LB,ACT,73,233,4,Appalachian State,New Orleans Saints
Michael Jacobson,86,TE,ACT,79,244,1,Iowa State,New Orleans Saints
Juwan Johnson,83,TE,ACT,76,231,6,Oregon,New Orleans Saints
Velus Jones Jr.,13,RB,ACT,72,200,5,Tennessee,New Orleans Saints
Cameron Jordan,94,DE,ACT,76,287,15,California,New Orleans Saints
Alvin Kamara,41,RB,ACT,70,215,9,Tennessee,New Orleans Saints
Easton Kilty,73,OT,ACT,78,307,R,Kansas State,New Orleans Saints
Kai Kroeger,32,P,ACT,76,213,R,South Carolina,New Orleans Saints
Shane Lemieux,66,OT,ACT,76,310,6,Oregon,New Orleans Saints
Jeremiah Martin,65,DE,ACT,76,265,1,Washington,New Orleans Saints
Moliki Matavao,80,TE,ACT,78,263,R,UCLA,New Orleans Saints
Erik McCoy,78,C,ACT,76,303,7,Texas A&M,New Orleans Saints
Kool-Aid McKinstry,4,CB,ACT,71,199,2,Alabama,New Orleans Saints
Bub Means,16,WR,RES,74,215,2,Pittsburgh,New Orleans Saints
Jonathan Mendoza,79,OL,ACT,81,310,R,Louisville,New Orleans Saints
Kendre Miller,5,RB,ACT,72,220,3,TCU,New Orleans Saints
Foster Moreau,87,TE,ACT,76,250,7,LSU,New Orleans Saints
Devin Neal,30,RB,ACT,71,213,R,Kansas,New Orleans Saints
Chris Olave,12,WR,ACT,72,187,4,Ohio State,New Orleans Saints
Mike Panasiuk,61,G,ACT,76,300,2,Michigan State,New Orleans Saints
Rico Payton,36,CB,ACT,72,182,2,Pittsburg State (KS),New Orleans Saints
Jayden Peevy,62,DL,ACT,77,308,1,Texas A&M,New Orleans Saints
Trevor Penning,70,OT,ACT,79,325,4,Northern Iowa,New Orleans Saints
Donovan Peoples-Jones,14,WR,CUT,74,204,5,Michigan,New Orleans Saints
Dante Pettis,17,WR,ACT,74,200,7,Washington,New Orleans Saints
Mason Pline,"",TE,RES,79,260,1,Furman,New Orleans Saints
Tyreem Powell,57,LB,ACT,77,252,R,Rutgers,New Orleans Saints
Jayden Price,38,CB,ACT,71,185,1,North Dakota State,New Orleans Saints
Dillon Radunz,77,OT,ACT,78,301,5,North Dakota State,New Orleans Saints
Spencer Rattler,2,QB,ACT,72,211,2,South Carolina,New Orleans Saints
Justin Reid,21,S,ACT,73,207,8,Stanford,New Orleans Saints
John Ridgeway,95,DT,ACT,77,321,4,Arkansas,New Orleans Saints
Quincy Riley,29,CB,ACT,71,195,R,Louisville,New Orleans Saints
Cesar Ruiz,51,C,ACT,76,316,6,Michigan,New Orleans Saints
Chris Rumph II,98,DE,ACT,74,244,5,Duke,New Orleans Saints
Nick Saldiveri,64,G,RES,78,316,3,Old Dominion,New Orleans Saints
Jonas Sanker,33,SAF,ACT,73,210,R,Virginia,New Orleans Saints
Khalen Saunders,50,DT,TRC,72,324,7,Western Illinois,New Orleans Saints
Nephi Sewell,45,LB,ACT,72,228,3,Utah,New Orleans Saints
Rashid Shaheed,22,WR,ACT,72,180,4,Weber State,New Orleans Saints
Nathan Shepherd,93,DT,ACT,76,315,8,Fort Hays,New Orleans Saints
Tyler Shough,6,QB,ACT,77,219,R,Louisville,New Orleans Saints
Torricelli Simpkins III,68,G,ACT,77,312,R,South Carolina,New Orleans Saints
Charlie Smyth,39,K,ACT,76,210,1,"",New Orleans Saints
Isaiah Stalbird,44,LB,ACT,73,215,1,South Dakota State,New Orleans Saints
Jack Stoll,88,TE,ACT,76,247,5,Nebraska,New Orleans Saints
Danny Stutsman,47,LB,ACT,75,236,R,Oklahoma,New Orleans Saints
Alontae Taylor,1,CB,ACT,73,199,4,Tennessee,New Orleans Saints
Omari Thomas,74,DE,ACT,76,325,R,Tennessee,New Orleans Saints
Mason Tipton,15,WR,ACT,71,187,2,Yale,New Orleans Saints
Chris Tyree,89,WR,CUT,70,192,R,Virginia,New Orleans Saints
Devaughn Vele,"",WR,ACT,77,210,2,Utah,New Orleans Saints
Treyton Welch,82,TE,ACT,76,240,1,Wyoming,New Orleans Saints
Pete Werner,20,LB,ACT,75,242,5,Ohio State,New Orleans Saints
Barry Wesley,69,OT,ACT,79,310,1,Colorado State,New Orleans Saints
Jonah Williams,54,DE,ACT,77,275,5,Weber State,New Orleans Saints
Cedrick Wilson Jr.,11,WR,ACT,74,197,8,Boise State,New Orleans Saints
Zach Wood,49,LS,ACT,75,255,9,SMU,New Orleans Saints
Rejzohn Wright,25,CB,ACT,74,193,2,Oregon State,New Orleans Saints
Marcus Yarns,34,RB,ACT,71,190,R,Delaware,New Orleans Saints
Isaac Yiadom,27,CB,ACT,73,188,8,Boston College,New Orleans Saints
Chase Young,99,DE,ACT,77,265,6,Ohio State,New Orleans Saints
Landon Young,67,OT,ACT,79,321,5,Kentucky,New Orleans Saints
Paulson Adebo,21,CB,ACT,73,192,5,Stanford,New York Giants
Darius Alexander,91,DT,ACT,76,310,R,Toledo,New York Giants
Rushawn Baker,36,RB,CUT,72,225,R,Elon,New York Giants
Deonte Banks,2,CB,ACT,74,200,3,Maryland,New York Giants
Daniel Bellinger,82,TE,ACT,78,255,4,San Diego State,New York Giants
Dane Belton,24,SAF,ACT,73,190,4,Iowa,New York Giants
Korie Black,25,CB,ACT,72,190,R,Oklahoma State,New York Giants
Jordan Bly,12,WR,CUT,72,166,R,Gardner-Webb,New York Giants
Chris Board,49,LB,ACT,74,229,8,North Dakota State,New York Giants
Brian Burns,"",LB,ACT,77,250,7,Florida State,New York Giants
Dalen Cambre,5,WR,ACT,72,192,R,Louisiana,New York Giants
Abdul Carter,51,DE,ACT,75,252,R,Penn State,New York Giants
Elijah Chatman,94,DT,ACT,72,278,2,SMU,New York Giants
K.J. Cloyd,48,LB,CUT,74,228,1,Miami,New York Giants
Beaux Collins,8,WR,ACT,75,206,R,Notre Dame,New York Giants
Jaxson Dart,6,QB,ACT,74,223,R,Mississippi,New York Giants
DJ Davidson,98,DT,ACT,77,320,4,Arizona State,New York Giants
Tommy DeVito,15,QB,ACT,74,210,3,Illinois,New York Giants
Victor Dimukeje,52,LB,ACT,74,262,5,Duke,New York Giants
Greg Dulcich,89,TE,ACT,76,245,4,UCLA,New York Giants
Cory Durden,69,DT,ACT,76,305,1,N.C. State,New York Giants
Jermaine Eluemunor,72,G,ACT,76,338,9,Texas A&M,New York Giants
Joshua Ezeudu,75,G,ACT,76,310,4,North Carolina,New York Giants
Da'Quan Felton,9,WR,ACT,77,216,R,Virginia Tech,New York Giants
Thomas Fidone II,86,TE,ACT,78,255,R,Nebraska,New York Giants
Demetrius Flannigan-Fowles,44,LB,ACT,74,210,6,Arizona,New York Giants
Cordale Flott,28,CB,ACT,73,175,4,LSU,New York Giants
Trace Ford,46,LB,ACT,74,252,R,Oklahoma,New York Giants
Bryce Ford-Wheaton,88,WR,RES,75,220,3,West Virginia,New York Giants
Stone Forsythe,70,OT,ACT,80,307,5,Florida,New York Giants
O'Donnell Fortune,39,CB,CUT,73,185,R,South Carolina,New York Giants
Tomon Fox,45,LB,ACT,74,245,3,North Carolina,New York Giants
Graham Gano,9,K,ACT,74,202,16,Florida State,New York Giants
Elijah Garcia,90,DE,ACT,77,302,2,Rice,New York Giants
Jamie Gillan,12,P,ACT,73,207,7,University of Arkansas at Pine Bluff,New York Giants
Chauncey Golston,57,DE,ACT,77,277,5,Iowa,New York Giants
Eric Gray,20,RB,ACT,70,210,3,Oklahoma,New York Giants
Art Green,35,CB,ACT,74,201,2,Houston,New York Giants
Tre Hawkins III,37,CB,ACT,75,195,3,Old Dominion,New York Giants
Jevon Holland,8,SAF,ACT,73,207,5,Oregon,New York Giants
Bryan Hudson,60,C,ACT,77,305,1,Louisville,New York Giants
James Hudson,55,OT,ACT,77,313,5,Cincinnati,New York Giants
Lil'Jordan Humphrey,81,WR,ACT,76,225,6,Texas,New York Giants
Jalin Hyatt,13,WR,ACT,72,185,3,Tennessee,New York Giants
Dyontae Johnson,54,LB,CUT,74,230,2,Toledo,New York Giants
Theo Johnson,84,TE,ACT,78,264,2,Penn State,New York Giants
Anthony Johnson Jr.,23,SAF,PUP,72,205,3,Iowa State,New York Giants
Nic Jones,31,CB,ACT,72,189,2,Ball State,New York Giants
Casey Kreiter,59,LS,ACT,73,250,10,Iowa,New York Giants
Jake Kubas,63,G,ACT,76,308,2,North Dakota State,New York Giants
Dexter Lawrence,97,DT,ACT,76,340,7,Clemson,New York Giants
Raheem Layne,43,SAF,ACT,71,192,3,Indiana,New York Giants
Jeremiah Ledbetter,96,DE,ACT,75,295,5,Arkansas,New York Giants
Chris Manhertz,85,TE,ACT,78,235,10,Canisius College,New York Giants
Marcus Mbow,71,G,ACT,77,300,R,Purdue,New York Giants
Jude McAtamney,99,K,ACT,74,205,1,Rutgers,New York Giants
Micah McFadden,41,LB,ACT,74,232,4,Indiana,New York Giants
Dante Miller,25,RB,ACT,70,200,1,South Carolina,New York Giants
TJ Moore,30,CB,ACT,72,187,R,Mercer,New York Giants
Jimmy Morrissey,67,C,ACT,76,305,3,Pittsburgh,New York Giants
Darius Muasau,53,LB,ACT,72,234,2,UCLA,New York Giants
Malik Nabers,1,WR,ACT,72,200,2,LSU,New York Giants
Evan Neal,73,OT,ACT,79,340,4,Alabama,New York Giants
Tyler Nubin,27,SAF,ACT,74,210,2,Minnesota,New York Giants
Rakeem Nunez-Roches,93,DT,ACT,74,305,11,Southern Mississippi,New York Giants
Bobby Okereke,58,ILB,ACT,73,235,7,Stanford,New York Giants
Gunner Olszewski,"",WR,ACT,72,190,7,Bemidji State University,New York Giants
Makari Paige,38,SAF,ACT,76,208,R,Michigan,New York Giants
Zach Pascal,83,WR,CUT,74,219,8,Old Dominion,New York Giants
Andru Phillips,22,CB,ACT,71,180,2,Kentucky,New York Giants
Jordon Riley,99,DT,ACT,77,315,3,Oregon,New York Giants
Roy Robertson-Harris,95,DE,ACT,79,268,9,Texas-El Paso,New York Giants
Wan'Dale Robinson,17,WR,ACT,68,185,4,Kentucky,New York Giants
Jon Runyan,76,G,ACT,76,307,6,Michigan,New York Giants
Austin Schlottmann,65,G,ACT,78,300,7,TCU,New York Giants
John Michael Schmitz,61,C,ACT,76,320,3,Minnesota,New York Giants
Devin Singletary,26,RB,ACT,67,203,7,Florida Atlantic,New York Giants
Cam Skattebo,44,RB,ACT,71,215,R,Arizona State,New York Giants
Darius Slayton,18,WR,ACT,73,198,7,Auburn,New York Giants
Ihmir Smith-Marsette,87,WR,ACT,73,185,5,Iowa,New York Giants
Aaron Stinnie,64,G,ACT,75,312,8,James Madison,New York Giants
Jermaine Terry,48,TE,ACT,76,245,R,Oregon State,New York Giants
Kayvon Thibodeaux,5,LB,ACT,77,258,4,Oregon,New York Giants
Andrew Thomas,78,OT,ACT,77,315,6,Georgia,New York Giants
Tyrone Tracy Jr.,29,RB,ACT,71,210,2,Purdue,New York Giants
Greg Van Roten,74,G,ACT,76,295,11,Penn,New York Giants
K'Von Wallace,34,SAF,ACT,71,205,6,Clemson,New York Giants
Jonathan Ward,23,RB,ACT,72,202,6,Central Michigan,New York Giants
Montrell Washington,80,WR,CUT,70,170,3,Samford,New York Giants
Antwane Wells Jr.,2,WR,ACT,72,205,R,Mississippi,New York Giants
Dee Williams,33,CB,ACT,70,190,2,Tennessee,New York Giants
Jaison Williams,68,OT,CUT,76,320,R,Youngstown State,New York Giants
Russell Wilson,3,QB,ACT,71,206,14,Wisconsin,New York Giants
Jameis Winston,19,QB,ACT,76,231,11,Florida State,New York Giants
Ife Adeyi,48,WR,ACT,70,175,R,Sam Houston State,Philadelphia Eagles
Saquon Barkley,26,RB,ACT,72,232,8,Penn State,Philadelphia Eagles
Zack Baun,53,LB,ACT,75,225,6,Wisconsin,Philadelphia Eagles
Jakorian Bennett,49,DB,ACT,70,200,3,Maryland,Philadelphia Eagles
Reed Blankenship,32,SAF,ACT,73,203,4,Middle Tennessee State,Philadelphia Eagles
A.J. Brown,11,WR,ACT,73,226,7,Mississippi,Philadelphia Eagles
Sydney Brown,21,SAF,ACT,70,211,3,Illinois,Philadelphia Eagles
Harrison Bryant,85,TE,TRC,77,243,6,Florida Atlantic,Philadelphia Eagles
Grant Calcaterra,81,TE,ACT,76,240,4,SMU,Philadelphia Eagles
Chance Campbell,"",LB,ACT,74,232,4,Mississippi,Philadelphia Eagles
Jihaad Campbell,30,LB,ACT,75,235,R,Alabama,Philadelphia Eagles
Jalen Carter,98,DT,ACT,75,314,3,Georgia,Philadelphia Eagles
Tariq Castro-Fields,46,CB,ACT,73,197,3,Penn State,Philadelphia Eagles
Lewis Cine,38,SAF,ACT,74,199,3,Georgia,Philadelphia Eagles
Elijah Cooks,86,WR,ACT,76,215,2,San Jose State,Philadelphia Eagles
Darius Cooper,41,WR,ACT,71,210,R,Tarleton State,Philadelphia Eagles
Jordan Davis,90,DT,ACT,78,336,4,Georgia,Philadelphia Eagles
Nakobe Dean,17,LB,ACT,71,231,4,Georgia,Philadelphia Eagles
Cooper DeJean,33,CB,ACT,72,198,2,Iowa,Philadelphia Eagles
Landon Dickerson,69,G,ACT,78,333,5,Alabama,Philadelphia Eagles
AJ Dillon,29,RB,ACT,72,247,6,Boston College,Philadelphia Eagles
Lance Dixon,41,LB,ACT,74,233,R,Toledo,Philadelphia Eagles
Jahan Dotson,2,WR,ACT,71,184,4,Penn State,Philadelphia Eagles
Jake Elliott,4,K,ACT,69,167,9,Memphis,Philadelphia Eagles
Joe Evans,61,DL,ACT,74,337,R,Texas-San Antonio,Philadelphia Eagles
Dallas Gant,57,LB,ACT,74,224,1,Toledo,Philadelphia Eagles
Dallas Goedert,88,TE,ACT,77,256,8,South Dakota State,Philadelphia Eagles
Kylen Granson,83,TE,ACT,75,242,5,SMU,Philadelphia Eagles
Kenyon Green,76,G,ACT,76,325,4,Texas A&M,Philadelphia Eagles
Gabe Hall,96,DT,ACT,78,295,1,Baylor,Philadelphia Eagles
Myles Hinton,78,OT,ACT,78,323,R,Michigan,Philadelphia Eagles
Maxen Hook,37,SAF,ACT,72,203,R,Toledo,Philadelphia Eagles
Charley Hughlett,47,LS,ACT,76,248,11,UCF,Philadelphia Eagles
Jalyx Hunt,58,LB,ACT,75,252,2,Houston Christian University,Philadelphia Eagles
Jalen Hurts,1,QB,ACT,73,223,6,Oklahoma,Philadelphia Eagles
Adoree' Jackson,8,CB,ACT,71,185,9,USC,Philadelphia Eagles
Giles Jackson,42,WR,CUT,69,187,R,Washington,Philadelphia Eagles
E.J. Jenkins,84,TE,ACT,78,245,2,Georgia Tech,Philadelphia Eagles
Brandon Johnson,35,CB,ACT,70,185,R,Oregon,Philadelphia Eagles
Lane Johnson,65,OT,ACT,78,325,13,Oklahoma,Philadelphia Eagles
Patrick Johnson,48,LB,ACT,74,248,5,Tulane,Philadelphia Eagles
Montrell Johnson Jr.,34,RB,ACT,71,212,R,Florida,Philadelphia Eagles
Christian Johnstone,37,LS,CUT,75,250,R,Appalachian State,Philadelphia Eagles
Cam Jurgens,51,C,ACT,75,303,4,Nebraska,Philadelphia Eagles
Trevor Keegan,77,G,ACT,77,306,2,Michigan,Philadelphia Eagles
Drew Kendall,66,C,ACT,76,308,R,Boston College,Philadelphia Eagles
Darian Kinnard,72,G,ACT,77,322,3,Kentucky,Philadelphia Eagles
Kendall Lamm,74,OT,ACT,77,308,10,Appalachian State,Philadelphia Eagles
Cameron Latu,49,TE,ACT,77,244,2,Alabama,Philadelphia Eagles
Jordan Mailata,68,OT,ACT,80,365,8,"",Philadelphia Eagles
Braden Mann,10,P,ACT,71,198,6,Texas A&M,Philadelphia Eagles
Terrace Marshall Jr.,46,WR,ACT,74,200,5,LSU,Philadelphia Eagles
Ochaun Mathis,45,LB,ACT,77,250,3,Nebraska,Philadelphia Eagles
Tristin McCollum,36,SAF,ACT,75,195,2,Sam Houston State,Philadelphia Eagles
Kyle McCord,19,QB,ACT,75,218,R,Syracuse,Philadelphia Eagles
Tanner McKee,16,QB,ACT,78,230,3,Stanford,Philadelphia Eagles
Mac McWilliams,22,CB,ACT,70,191,R,UCF,Philadelphia Eagles
John Metchie III,80,WR,ACT,72,195,3,Alabama,Philadelphia Eagles
Quinyon Mitchell,27,CB,ACT,72,193,2,Toledo,Philadelphia Eagles
Smael Mondon Jr.,42,LB,ACT,74,225,R,Georgia,Philadelphia Eagles
Taylor Morin,45,WR,ACT,71,185,R,Wake Forest,Philadelphia Eagles
Andrew Mukuba,24,SAF,ACT,71,186,R,Texas,Philadelphia Eagles
Nick Muse,87,TE,ACT,77,252,4,South Carolina,Philadelphia Eagles
Parry Nickerson,34,CB,ACT,70,182,5,Tulane,Philadelphia Eagles
Moro Ojomo,97,DT,ACT,75,292,3,Texas,Philadelphia Eagles
Azeez Ojulari,13,LB,ACT,75,240,5,Georgia,Philadelphia Eagles
Ogbo Okoronkwo,50,DE,ACT,74,253,8,Oklahoma,Philadelphia Eagles
Hollin Pierce,63,OT,ACT,80,341,R,Rutgers,Philadelphia Eagles
ShunDerrick Powell,39,RB,ACT,67,183,R,Central Arkansas,Philadelphia Eagles
Antwaun Powell-Ryland,52,LB,ACT,75,258,R,Virginia Tech,Philadelphia Eagles
Matt Pryor,79,OT,ACT,79,332,8,TCU,Philadelphia Eagles
Eli Ricks,23,CB,ACT,74,188,3,Alabama,Philadelphia Eagles
Kelee Ringo,7,CB,ACT,74,207,3,Georgia,Philadelphia Eagles
Jereme Robinson,"",DT,ACT,75,263,R,Kansas,Philadelphia Eagles
Keilan Robinson,35,RB,ACT,68,191,2,Texas,Philadelphia Eagles
Ty Robinson,95,DT,ACT,77,288,R,Nebraska,Philadelphia Eagles
Justin Rogers,75,DT,ACT,75,325,1,Auburn,Philadelphia Eagles
Andre' Sam,31,SAF,ACT,70,194,1,LSU,Philadelphia Eagles
Will Shipley,28,RB,ACT,71,210,2,Clemson,Philadelphia Eagles
Ainias Smith,82,WR,ACT,69,176,2,Texas A&M,Philadelphia Eagles
DeVonta Smith,6,WR,ACT,72,170,5,Alabama,Philadelphia Eagles
Nolan Smith,3,LB,ACT,74,238,3,Georgia,Philadelphia Eagles
Tyler Steen,56,OT,ACT,78,321,3,Alabama,Philadelphia Eagles
Jacob Sykes,93,DE,ACT,75,282,1,UCLA,Philadelphia Eagles
Dorian Thompson-Robinson,14,QB,ACT,74,203,3,UCLA,Philadelphia Eagles
Brett Toth,64,OL,ACT,78,304,6,Army,Philadelphia Eagles
Jeremiah Trotter Jr.,54,LB,ACT,72,225,2,Clemson,Philadelphia Eagles
Joshua Uche,"",LB,ACT,73,240,6,Michigan,Philadelphia Eagles
Laekin Vakalahi,67,OT,ACT,77,320,1,"",Philadelphia Eagles
Ben VanSumeren,43,RB,ACT,74,231,3,Michigan State,Philadelphia Eagles
Avery Williams,18,WR,ACT,69,195,5,Boise State,Philadelphia Eagles
Cameron Williams,73,OT,ACT,78,317,R,Texas,Philadelphia Eagles
Johnny Wilson,89,WR,RES,78,228,2,Florida State,Philadelphia Eagles
A.J. Woods,39,CB,ACT,71,195,1,Pittsburgh,Philadelphia Eagles
Byron Young,94,DT,ACT,75,292,3,Alabama,Philadelphia Eagles
Ameer Abdullah,"",RB,CUT,69,203,11,Nebraska,San Francisco 49Ers
Brandon Aiyuk,11,WR,ACT,72,200,6,Arizona State,San Francisco 49Ers
Isaac Alarcon,67,OT,ACT,79,320,1,"",San Francisco 49Ers
Jaylon Allen,76,DE,ACT,75,240,1,Memphis,San Francisco 49Ers
Bradlee Anae,"",DE,CUT,75,260,4,Utah,San Francisco 49Ers
Evan Anderson,58,DL,ACT,75,326,2,Florida Atlantic,San Francisco 49Ers
Robbie Chosen,3,WR,ACT,75,185,9,Temple,San Francisco 49Ers
Ben Bartch,78,OT,ACT,78,315,6,St. John's (MN),San Francisco 49Ers
Robert Beal Jr.,51,DE,ACT,76,250,3,Georgia,San Francisco 49Ers
Junior Bergen,86,WR,ACT,69,184,R,Montana,San Francisco 49Ers
Tatum Bethune,48,LB,ACT,72,230,2,Florida State,San Francisco 49Ers
Stone Blanton,50,LB,ACT,73,227,R,Mississippi State,San Francisco 49Ers
Nick Bosa,97,DE,ACT,76,266,7,Ohio State,San Francisco 49Ers
Carter Bradley,14,QB,ACT,75,213,1,South Alabama,San Francisco 49Ers
Will Bradley-King,69,DE,ACT,76,265,1,Baylor,San Francisco 49Ers
Jake Brendel,64,C,ACT,76,299,8,UCLA,San Francisco 49Ers
Ji'Ayir Brown,27,SAF,ACT,71,202,3,Penn State,San Francisco 49Ers
Shakel Brown,65,DT,ACT,75,295,2,Troy,San Francisco 49Ers
Tre Brown,22,CB,RES,70,185,5,Oklahoma,San Francisco 49Ers
Spencer Burford,74,OT,ACT,76,300,4,Texas-San Antonio,San Francisco 49Ers
Derrick Canteen,40,CB,ACT,70,193,R,Cincinnati,San Francisco 49Ers
Connor Colby,75,G,ACT,77,309,R,Iowa,San Francisco 49Ers
Alfred Collins,95,DT,ACT,77,332,R,Texas,San Francisco 49Ers
Jacob Cowing,19,WR,ACT,69,170,2,Arizona,San Francisco 49Ers
Kalia Davis,93,DT,ACT,74,310,4,UCF,San Francisco 49Ers
Andre Dillard,65,OT,RES,77,315,7,Washington State,San Francisco 49Ers
Michael Dunn,"",OT,ACT,77,315,6,Maryland,San Francisco 49Ers
Ross Dwelley,82,TE,CUT,77,235,8,San Diego,San Francisco 49Ers
Michael Dwumfour,"",DT,TRC,73,296,2,Rutgers,San Francisco 49Ers
Jordan Elliott,92,DT,ACT,76,302,6,Missouri,San Francisco 49Ers
Luke Farrell,89,TE,ACT,77,250,5,Ohio State,San Francisco 49Ers
Dallis Flowers,35,CB,ACT,73,196,4,Pittsburg State (KS),San Francisco 49Ers
Russell Gage,84,WR,ACT,72,184,7,LSU,San Francisco 49Ers
Jonathan Garvin,96,DE,ACT,76,257,4,Miami,San Francisco 49Ers
Luke Gifford,57,LB,ACT,75,242,7,Nebraska,San Francisco 49Ers
Trevis Gipson,56,LB,ACT,76,263,6,Tulsa,San Francisco 49Ers
Kevin Givens,90,DT,ACT,73,285,6,Penn State,San Francisco 49Ers
Jalen Graham,41,LB,ACT,75,220,3,Purdue,San Francisco 49Ers
Richie Grant,24,SAF,ACT,72,200,5,UCF,San Francisco 49Ers
Renardo Green,"",CB,ACT,72,186,2,Florida State,San Francisco 49Ers
Yetur Gross-Matos,94,DE,ACT,77,265,6,Penn State,San Francisco 49Ers
Isaac Guerendo,31,RB,ACT,72,221,2,Louisville,San Francisco 49Ers
Demone Harris,"",DE,CUT,76,272,5,Buffalo,San Francisco 49Ers
Bruce Hector,60,DT,ACT,74,296,4,University of South Florida,San Francisco 49Ers
Matt Hennessy,61,C,ACT,75,315,5,Temple,San Francisco 49Ers
Tre Tomlinson,"",CB,RES,69,177,3,TCU,San Francisco 49Ers
Isaiah Hodgins,18,WR,ACT,75,201,4,Oregon State,San Francisco 49Ers
Bryce Huff,47,DE,ACT,75,255,6,Memphis,San Francisco 49Ers
Tarron Jackson,56,DE,RES,74,254,3,Coastal Carolina,San Francisco 49Ers
Jordan James,29,RB,ACT,69,208,R,Oregon,San Francisco 49Ers
Jauan Jennings,15,WR,ACT,75,212,5,Tennessee,San Francisco 49Ers
Mac Jones,10,QB,ACT,75,220,5,Alabama,San Francisco 49Ers
Kyle Juszczyk,44,FB,ACT,74,235,13,Harvard,San Francisco 49Ers
Corey Kiner,49,RB,RES,69,210,R,Cincinnati,San Francisco 49Ers
George Kittle,85,TE,ACT,76,250,9,Iowa,San Francisco 49Ers
Malik Knowles,"",WR,ACT,74,196,2,Kansas State,San Francisco 49Ers
Deommodore Lenoir,2,CB,ACT,70,200,5,Oregon,San Francisco 49Ers
Chase Lucas,26,CB,ACT,71,184,3,Arizona State,San Francisco 49Ers
Darrell Luter Jr.,28,CB,ACT,72,190,3,South Alabama,San Francisco 49Ers
Jaylen Mahoney,38,SAF,ACT,71,200,1,Vanderbilt,San Francisco 49Ers
Nick Martin,45,LB,ACT,71,221,R,Oklahoma State,San Francisco 49Ers
Christian McCaffrey,23,RB,ACT,71,210,9,Stanford,San Francisco 49Ers
Colton McKivitz,68,OT,ACT,78,301,6,West Virginia,San Francisco 49Ers
Jake Moody,4,K,ACT,73,210,3,Michigan,San Francisco 49Ers
Skyy Moore,"",WR,ACT,70,195,4,Western Michigan,San Francisco 49Ers
Tanner Mordecai,14,QB,ACT,74,218,1,Wisconsin,San Francisco 49Ers
Fabian Moreau,43,CB,ACT,72,204,9,UCLA,San Francisco 49Ers
Thomas Morstead,7,P,ACT,76,225,17,SMU,San Francisco 49Ers
Drew Moss,55,OL,ACT,75,303,R,Colorado State,San Francisco 49Ers
Malik Mustapha,6,SAF,ACT,70,206,2,Wake Forest,San Francisco 49Ers
Siran Neal,33,CB,ACT,72,206,8,Jacksonville State,San Francisco 49Ers
Drake Nugent,66,C,ACT,73,300,1,Michigan,San Francisco 49Ers
Sam Okuayinonu,91,DT,ACT,73,269,3,Maryland,San Francisco 49Ers
Terique Owens,83,WR,ACT,75,200,1,Missouri State,San Francisco 49Ers
Ricky Pearsall,1,WR,ACT,73,189,2,Florida,San Francisco 49Ers
Jason Pinnock,25,SAF,ACT,72,200,5,Pittsburgh,San Francisco 49Ers
Austen Pleasants,62,OL,ACT,79,330,1,Ohio,San Francisco 49Ers
Isaiah Prince,76,OT,ACT,79,305,5,Ohio State,San Francisco 49Ers
Dominick Puni,77,OT,ACT,77,313,2,Kansas,San Francisco 49Ers
Brock Purdy,13,QB,ACT,73,220,4,Iowa State,San Francisco 49Ers
Curtis Robinson,59,LB,ACT,75,235,4,Stanford,San Francisco 49Ers
Demarcus Robinson,5,WR,ACT,73,203,10,Florida,San Francisco 49Ers
Jakob Robinson,49,CB,ACT,70,181,R,BYU,San Francisco 49Ers
Kurtis Rourke,4,QB,ACT,76,221,R,Indiana,San Francisco 49Ers
Marques Sigle,36,SAF,ACT,71,199,R,Kansas State,San Francisco 49Ers
Equanimeous St. Brown,"",WR,CUT,77,214,7,Notre Dame,San Francisco 49Ers
Upton Stout,20,CB,ACT,69,182,R,Western Kentucky,San Francisco 49Ers
Chazz Surratt,46,LB,ACT,74,233,4,North Carolina,San Francisco 49Ers
Patrick Taylor,32,RB,RES,73,217,5,Memphis,San Francisco 49Ers
Trent Taylor,81,WR,RES,68,180,7,Louisiana Tech,San Francisco 49Ers
Jake Tonges,88,TE,ACT,76,240,3,California,San Francisco 49Ers
Malik Turner,7,WR,ACT,74,202,5,Illinois,San Francisco 49Ers
Sebastian Valdez,55,DE,ACT,75,301,R,Washington,San Francisco 49Ers
Ke'Shawn Vaughn,30,RB,ACT,70,214,5,Vanderbilt,San Francisco 49Ers
Fred Warner,54,MLB,ACT,75,230,8,BYU,San Francisco 49Ers
Jordan Watkins,17,WR,ACT,71,196,R,Mississippi,San Francisco 49Ers
Jon Weeks,46,LS,ACT,70,242,16,Baylor,San Francisco 49Ers
CJ West,99,DT,ACT,73,316,R,Indiana,San Francisco 49Ers
Mykel Williams,98,DE,ACT,77,267,R,Georgia,San Francisco 49Ers
Trent Williams,71,OT,ACT,77,320,16,Oklahoma,San Francisco 49Ers
Brayden Willis,9,TE,ACT,76,240,3,Oklahoma,San Francisco 49Ers
Jeff Wilson,20,RB,ACT,72,213,8,North Texas,San Francisco 49Ers
Dee Winters,53,LB,ACT,71,227,3,TCU,San Francisco 49Ers
Nick Zakelj,63,OT,ACT,78,316,4,Fordham,San Francisco 49Ers
Kam Alexander,35,CB,TRC,71,183,R,Oregon,Seattle Seahawks
Elijah Arroyo,18,TE,ACT,77,254,R,Miami,Seattle Seahawks
AJ Barner,88,TE,ACT,78,251,2,Michigan,Seattle Seahawks
D'Anthony Bell,23,SAF,ACT,73,211,4,University of West Florida,Seattle Seahawks
Jake Bobo,19,WR,ACT,76,211,3,UCLA,Seattle Seahawks
Quinton Bohanna,92,DT,ACT,76,355,4,Kentucky,Seattle Seahawks
Anthony Bradford,75,G,ACT,76,335,3,LSU,Seattle Seahawks
Tyrone Broden,85,WR,ACT,77,194,R,Arkansas,Seattle Seahawks
Coby Bryant,8,SAF,ACT,73,205,4,Cincinnati,Seattle Seahawks
Bryce Cabeldue,77,G,ACT,76,306,R,Kansas,Seattle Seahawks
Keydrain Calligan,17,CB,ACT,72,200,R,Southeastern Louisiana,Seattle Seahawks
Anthony Campbell,93,DT,ACT,78,307,R,Miami,Seattle Seahawks
Zach Charbonnet,26,RB,ACT,73,220,3,UCLA,Seattle Seahawks
Seth Coleman,43,LB,ACT,77,250,R,Illinois,Seattle Seahawks
Charles Cross,67,OT,ACT,77,317,4,Mississippi State,Seattle Seahawks
Sam Darnold,14,QB,ACT,75,225,8,USC,Seattle Seahawks
Michael Dickson,4,P,ACT,74,208,8,Texas,Seattle Seahawks
Michael Dowell,"",SAF,CUT,73,215,1,Miami (Ohio),Seattle Seahawks
Nick Emmanwori,3,SAF,ACT,75,220,R,South Carolina,Seattle Seahawks
Luke Felix-Fualalo,73,OT,ACT,79,318,R,Hawaii,Seattle Seahawks
AJ Finley,30,SAF,RES,74,202,3,Mississippi,Seattle Seahawks
Jalan Gaines,56,LB,ACT,75,242,R,Illinois State,Seattle Seahawks
Shaquill Griffin,24,CB,ACT,72,198,9,UCF,Seattle Seahawks
Derick Hall,58,LB,ACT,75,260,3,Auburn,Seattle Seahawks
Tyler Hall,33,CB,ACT,70,190,4,Wyoming,Seattle Seahawks
Johnathan Hankins,97,DT,ACT,75,335,13,Ohio State,Seattle Seahawks
Christian Haynes,64,G,ACT,75,318,2,Connecticut,Seattle Seahawks
George Holani,36,RB,ACT,70,208,2,Boise State,Seattle Seahawks
Tory Horton,15,WR,ACT,74,196,R,Colorado State,Seattle Seahawks
Jared Ivey,51,LB,ACT,78,274,R,Mississippi,Seattle Seahawks
D'Eryk Jackson,46,LB,ACT,73,237,R,Kentucky,Seattle Seahawks
Shemar Jean-Charles,34,CB,ACT,70,184,5,Appalachian State,Seattle Seahawks
Michael Jerrell,65,OT,ACT,77,309,2,Findlay,Seattle Seahawks
Josh Jobe,29,CB,ACT,71,190,4,Alabama,Seattle Seahawks
Ernest Jones,13,LB,ACT,74,233,5,South Carolina,Seattle Seahawks
Josh Jones,74,OT,ACT,79,339,6,Houston,Seattle Seahawks
Nick Kallerup,89,TE,ACT,77,266,R,Minnesota,Seattle Seahawks
Amari Kight,79,OT,ACT,78,299,R,UCF,Seattle Seahawks
Tyrice Knight,48,LB,ACT,72,233,2,Texas-El Paso,Seattle Seahawks
Cooper Kupp,10,WR,ACT,74,207,9,Eastern Washington,Seattle Seahawks
Marshall Lang,49,TE,ACT,76,249,R,Northwestern,Seattle Seahawks
Sataoa Laumea,63,G,ACT,76,319,2,Utah,Seattle Seahawks
DeMarcus Lawrence,"",DE,ACT,75,254,12,Boise State,Seattle Seahawks
Drew Lock,2,QB,ACT,76,228,7,Missouri,Seattle Seahawks
Julian Love,20,SAF,ACT,71,195,7,Notre Dame,Seattle Seahawks
Abraham Lucas,72,OT,ACT,78,322,4,Washington State,Seattle Seahawks
Boye Mafe,53,LB,ACT,76,261,4,Minnesota,Seattle Seahawks
Federico Maranges,62,C,ACT,75,302,R,Florida Atlantic,Seattle Seahawks
Damien Martinez,22,RB,ACT,72,217,R,Miami,Seattle Seahawks
Kenny McIntosh,25,RB,RES,72,211,3,Georgia,Seattle Seahawks
Rylie Mills,98,DE,ACT,77,296,R,Notre Dame,Seattle Seahawks
Jalen Milroe,6,QB,ACT,74,216,R,Alabama,Seattle Seahawks
Mike Morris,94,DE,ACT,78,306,3,Michigan,Seattle Seahawks
Byron Murphy II,91,DT,ACT,72,306,2,Texas,Seattle Seahawks
Jason Myers,5,K,ACT,70,190,11,Marist,Seattle Seahawks
Uchenna Nwosu,7,LB,ACT,74,265,8,USC,Seattle Seahawks
Patrick O'Connell,52,LB,ACT,73,231,2,Montana,Seattle Seahawks
Ty Okada,39,SAF,ACT,71,200,1,Montana State,Seattle Seahawks
Olu Oluwatimi,55,C,ACT,75,309,3,Michigan,Seattle Seahawks
Connor O'Toole,57,LB,ACT,75,248,R,Utah,Seattle Seahawks
Robbie Ouzts,40,RB,ACT,75,274,R,Alabama,Seattle Seahawks
Brandon Pili,95,DT,ACT,75,334,3,USC,Seattle Seahawks
Nehemiah Pritchett,28,CB,ACT,72,190,2,Auburn,Seattle Seahawks
Jarran Reed,90,DT,ACT,75,315,10,Alabama,Seattle Seahawks
Jerrick Reed II,32,SAF,ACT,69,196,3,New Mexico,Seattle Seahawks
John Rhys Plumlee,17,WR,ACT,72,200,1,UCF,Seattle Seahawks
Mason Richman,78,G,ACT,77,307,R,Iowa,Seattle Seahawks
Josh Ross,47,LB,ACT,72,229,3,Michigan,Seattle Seahawks
Brady Russell,38,FB,ACT,75,250,3,Colorado,Seattle Seahawks
Eric Saubert,81,TE,ACT,77,248,8,Drake,Seattle Seahawks
Jamie Sheriff,50,LB,ACT,73,254,1,South Alabama,Seattle Seahawks
Steven Sims,84,WR,ACT,70,176,5,Kansas,Seattle Seahawks
J.R. Singleton,70,DT,ACT,73,299,R,Iowa State,Seattle Seahawks
Tyreke Smith,59,LB,ACT,75,255,3,Ohio State,Seattle Seahawks
Jaxon Smith-Njigba,11,WR,ACT,72,202,3,Ohio State,Seattle Seahawks
Wesley Steiner,44,FB,ACT,72,235,R,Washington State,Seattle Seahawks
Chris Stoll,41,LS,ACT,74,255,3,Penn State,Seattle Seahawks
Jalen Sundell,61,C,ACT,77,300,2,North Dakota State,Seattle Seahawks
Drake Thomas,42,LB,ACT,71,228,3,N.C. State,Seattle Seahawks
Wy'Kevious Thomas,69,DL,ACT,74,301,R,South Alabama,Seattle Seahawks
Zach Triner,43,LS,ACT,75,245,7,Assumption,Seattle Seahawks
Alphonzo Tuputala,35,LB,ACT,74,230,R,Washington,Seattle Seahawks
Anthony Tyus III,35,RB,ACT,73,226,R,Ohio,Seattle Seahawks
Marquez Valdes-Scantling,1,WR,ACT,76,206,8,University of South Florida,Seattle Seahawks
Kenneth Walker III,9,RB,ACT,69,216,4,Michigan State,Seattle Seahawks
Isas Waxter,36,CB,ACT,73,205,R,Villanova,Seattle Seahawks
Cody White,82,WR,ACT,75,227,4,Michigan State,Seattle Seahawks
Ricky White III,86,WR,ACT,73,181,R,UNLV,Seattle Seahawks
Leonard Williams,99,DE,ACT,77,310,11,USC,Seattle Seahawks
Damarion Williams,37,CB,ACT,70,183,3,Houston,Seattle Seahawks
Devon Witherspoon,21,CB,ACT,72,185,3,Illinois,Seattle Seahawks
Riq Woolen,27,CB,ACT,76,210,4,Texas-San Antonio,Seattle Seahawks
Jacardia Wright,31,RB,ACT,72,218,R,Missouri State,Seattle Seahawks
Dareke Young,83,WR,ACT,74,224,4,Lenoir Rhyne,Seattle Seahawks
Grey Zabel,76,G,ACT,78,316,R,North Dakota State,Seattle Seahawks
Tre Avery,"",CB,ACT,71,181,4,Rutgers,Tampa Bay Buccaneers
Eric Banks,93,DE,ACT,77,274,3,Texas-San Antonio,Tampa Bay Buccaneers
Graham Barton,62,C,ACT,77,314,2,Duke,Tampa Bay Buccaneers
Connor Bazelak,8,QB,ACT,75,225,R,Bowling Green,Tampa Bay Buccaneers
Chris Braswell,43,LB,ACT,75,255,2,Alabama,Tampa Bay Buccaneers
Ben Bredeson,68,G,ACT,77,315,6,Michigan,Tampa Bay Buccaneers
C.J. Brewer,52,DT,ACT,74,290,2,Coastal Carolina,Tampa Bay Buccaneers
Teddy Bridgewater,16,QB,ACT,74,210,11,Louisville,Tampa Bay Buccaneers
Will Brooks,36,SAF,ACT,73,206,R,Tennessee,Tampa Bay Buccaneers
John Bullock,57,LB,ACT,72,230,R,Nebraska,Tampa Bay Buccaneers
Benjamin Chukwuma,70,OT,ACT,78,310,R,Georgia State,Tampa Bay Buccaneers
Ryan Coe,39,K,CUT,75,225,R,California,Tampa Bay Buccaneers
Devin Culp,82,TE,ACT,76,237,2,Washington,Tampa Bay Buccaneers
Lavonte David,54,OLB,ACT,73,233,14,Nebraska,Tampa Bay Buccaneers
Jamel Dean,35,CB,ACT,73,206,7,Auburn,Tampa Bay Buccaneers
Evan Deckers,86,LS,ACT,75,252,2,Duke,Tampa Bay Buccaneers
SirVocea Dennis,8,LB,ACT,72,230,3,Pittsburgh,Tampa Bay Buccaneers
Yaya Diaby,"",LB,ACT,75,270,3,Louisville,Tampa Bay Buccaneers
Riley Dixon,92,P,ACT,76,221,10,Syracuse,Tampa Bay Buccaneers
Payne Durham,87,TE,ACT,77,255,3,Purdue,Tampa Bay Buccaneers
Emeka Egbuka,9,WR,ACT,73,205,R,Ohio State,Tampa Bay Buccaneers
Mike Evans,13,WR,ACT,77,231,12,Texas A&M,Tampa Bay Buccaneers
JayVian Farr,11,DB,ACT,69,192,R,Augustana (SD),Tampa Bay Buccaneers
Tyrek Funderburk,24,CB,ACT,72,185,2,Appalachian State,Tampa Bay Buccaneers
Greg Gaines,96,DT,ACT,73,312,7,Washington,Tampa Bay Buccaneers
Chris Godwin Jr.,14,WR,ACT,73,209,9,Penn State,Tampa Bay Buccaneers
Luke Goedeke,67,OT,ACT,77,312,4,Central Michigan,Tampa Bay Buccaneers
Adam Gotsis,97,DE,ACT,76,287,10,Georgia Tech,Tampa Bay Buccaneers
Garrett Greene,85,WR,ACT,71,201,R,West Virginia,Tampa Bay Buccaneers
Mike Greene,91,DT,ACT,75,293,2,James Madison,Tampa Bay Buccaneers
Antonio Grier Jr.,48,LB,ACT,73,230,2,Arkansas,Tampa Bay Buccaneers
Luke Haggard,72,OT,ACT,79,305,1,Indiana,Tampa Bay Buccaneers
Bryce Hall,34,CB,ACT,73,202,6,Virginia,Tampa Bay Buccaneers
Logan Hall,90,DE,ACT,78,283,4,Houston,Tampa Bay Buccaneers
Jacob Harris,30,WR,ACT,77,211,3,UCF,Tampa Bay Buccaneers
Josh Hayes,32,CB,ACT,72,190,3,Kansas State,Tampa Bay Buccaneers
Charlie Heck,77,OT,ACT,80,311,6,North Carolina,Tampa Bay Buccaneers
Dennis Houston,89,WR,ACT,73,190,1,Western Illinois,Tampa Bay Buccaneers
Nash Hutmacher,64,NT,ACT,76,310,R,Nebraska,Tampa Bay Buccaneers
Bucky Irving,7,RB,ACT,70,194,2,Oregon,Tampa Bay Buccaneers
Christian Izien,29,SAF,ACT,70,200,3,Rutgers,Tampa Bay Buccaneers
Nick Jackson,53,LB,ACT,72,235,R,Iowa,Tampa Bay Buccaneers
Rakim Jarrett,18,WR,ACT,72,192,3,Maryland,Tampa Bay Buccaneers
Kameron Johnson,19,WR,ACT,70,170,2,Barton College,Tampa Bay Buccaneers
Tez Johnson,83,WR,ACT,70,165,R,Oregon,Tampa Bay Buccaneers
Deion Jones,45,LB,ACT,73,222,9,LSU,Tampa Bay Buccaneers
Mike Jordan,60,G,ACT,78,312,6,Ohio State,Tampa Bay Buccaneers
Dvon J-Thomas,73,DT,ACT,73,305,R,Penn State,Tampa Bay Buccaneers
Calijah Kancey,94,DT,ACT,72,280,3,Pittsburgh,Tampa Bay Buccaneers
Ko Kieft,41,TE,ACT,77,265,4,Minnesota,Tampa Bay Buccaneers
Elijah Klein,79,G,ACT,76,319,2,Texas-El Paso,Tampa Bay Buccaneers
Jake Majors,65,C,ACT,75,315,R,Texas,Tampa Bay Buccaneers
Cody Mauch,69,G,ACT,78,303,3,North Dakota State,Tampa Bay Buccaneers
Baker Mayfield,6,QB,ACT,73,215,8,Oklahoma,Tampa Bay Buccaneers
Jase McClellan,39,RB,ACT,71,212,2,Alabama,Tampa Bay Buccaneers
Zyon McCollum,27,CB,ACT,74,199,4,Sam Houston State,Tampa Bay Buccaneers
Chase McLaughlin,4,K,ACT,72,190,7,Illinois,Tampa Bay Buccaneers
Tyler McLellan,74,OT,ACT,80,355,2,Campbell University,Tampa Bay Buccaneers
Jalen McMillan,15,WR,ACT,73,192,2,Washington,Tampa Bay Buccaneers
Kaevon Merriweather,26,SAF,ACT,72,212,3,Iowa,Tampa Bay Buccaneers
Lorenz Metz,71,OT,ACT,81,310,1,Cincinnati,Tampa Bay Buccaneers
Ryan Miller,81,WR,ACT,74,221,2,Furman,Tampa Bay Buccaneers
Benjamin Morrison,21,CB,ACT,72,190,R,Notre Dame,Tampa Bay Buccaneers
Anthony Nelson,98,LB,ACT,79,271,7,Iowa,Tampa Bay Buccaneers
Raiqwon O'Neal,75,OT,ACT,76,305,2,UCLA,Tampa Bay Buccaneers
Sua Opeta,76,G,ACT,76,305,6,Weber State,Tampa Bay Buccaneers
Cade Otton,88,TE,ACT,77,247,4,Washington,Tampa Bay Buccaneers
Trey Palmer,10,WR,ACT,73,190,3,Nebraska,Tampa Bay Buccaneers
Roman Parodie,46,CB,ACT,74,204,R,Ohio,Tampa Bay Buccaneers
Jacob Parrish,25,CB,ACT,70,198,R,Kansas State,Tampa Bay Buccaneers
Warren Peeples,59,LB,ACT,74,230,R,Southeastern Louisiana,Tampa Bay Buccaneers
Michael Pratt,11,QB,CUT,74,217,1,Tulane,Tampa Bay Buccaneers
Jose Ramirez,33,LB,ACT,74,252,2,Eastern Michigan,Tampa Bay Buccaneers
Haason Reddick,5,OLB,ACT,73,240,9,Temple,Tampa Bay Buccaneers
Elijah Roberts,95,DE,ACT,76,295,R,SMU,Tampa Bay Buccaneers
JJ Roberts,36,SAF,RES,72,195,R,Marshall,Tampa Bay Buccaneers
Shilo Sanders,28,SAF,ACT,72,195,R,Colorado,Tampa Bay Buccaneers
Ben Scott,66,G,ACT,77,310,R,Nebraska,Tampa Bay Buccaneers
Sterling Shepard,17,WR,ACT,70,194,10,Oklahoma,Tampa Bay Buccaneers
Jaden Smith,80,WR,CUT,78,210,R,Nevada,Tampa Bay Buccaneers
Tykee Smith,23,SAF,ACT,70,202,2,Georgia,Tampa Bay Buccaneers
Tanner Taula,84,TE,ACT,78,255,1,Illinois State,Tampa Bay Buccaneers
Kyle Trask,2,QB,ACT,77,236,5,Florida,Tampa Bay Buccaneers
Sean Tucker,44,RB,ACT,70,205,3,Syracuse,Tampa Bay Buccaneers
Vita Vea,50,DT,ACT,76,347,8,Washington,Tampa Bay Buccaneers
Kindle Vildor,22,CB,ACT,71,189,6,Georgia Southern,Tampa Bay Buccaneers
Anthony Walker,3,MLB,ACT,73,235,9,Northwestern,Tampa Bay Buccaneers
David Walker,51,LB,RES,72,260,R,Central Arkansas,Tampa Bay Buccaneers
Desmond Watson,56,DT,ACT,77,264,R,Florida,Tampa Bay Buccaneers
Markees Watts,58,LB,ACT,73,240,3,Charlotte,Tampa Bay Buccaneers
Rachaad White,1,RB,ACT,72,214,4,Arizona State,Tampa Bay Buccaneers
Josh Williams,37,RB,ACT,68,210,R,LSU,Tampa Bay Buccaneers
Antoine Winfield Jr.,31,SAF,ACT,69,203,6,Minnesota,Tampa Bay Buccaneers
Tristan Wirfs,78,OT,ACT,77,320,6,Iowa,Tampa Bay Buccaneers
Rashad Wisdom,38,SAF,ACT,69,210,1,Texas-San Antonio,Tampa Bay Buccaneers
Owen Wright,49,RB,ACT,69,217,2,Monmouth,Tampa Bay Buccaneers
Nick Allegretti,67,G,ACT,76,310,7,Illinois,Washington Commanders
Kazmeir Allen,22,RB,ACT,68,176,1,UCLA,Washington Commanders
Trey Amos,23,CB,ACT,73,190,R,Mississippi,Washington Commanders
Dorance Armstrong,92,DE,ACT,76,255,8,Kansas,Washington Commanders
Kam Arnold,46,LB,ACT,73,229,R,Boston College,Washington Commanders
Ricky Barber,66,DT,ACT,75,295,R,UCF,Washington Commanders
Essang Bassey,38,CB,ACT,70,190,5,Wake Forest,Washington Commanders
John Bates,87,TE,ACT,78,256,5,Boise State,Washington Commanders
Nick Bellore,57,LB,ACT,73,250,15,Central Michigan,Washington Commanders
Tyler Biadasz,63,C,ACT,75,316,6,Wisconsin,Washington Commanders
Ja'Corey Brooks,16,WR,ACT,75,195,R,Louisville,Washington Commanders
Noah Brown,85,WR,ACT,74,225,9,Ohio State,Washington Commanders
Percy Butler,35,SAF,ACT,72,191,4,Louisiana-Lafayette,Washington Commanders
Lawrence Cager,89,TE,ACT,77,220,4,Georgia,Washington Commanders
Brandon Coleman,74,OT,ACT,78,320,2,TCU,Washington Commanders
Josh Conerly Jr.,72,OT,ACT,76,315,R,Oregon,Washington Commanders
Sam Cosmi,76,G,ACT,78,309,5,Texas,Washington Commanders
River Cracraft,84,WR,ACT,72,198,7,Washington State,Washington Commanders
Jacory Croskey-Merritt,32,RB,ACT,71,208,R,Arizona,Washington Commanders
Jayden Daniels,5,QB,ACT,76,210,2,LSU,Washington Commanders
Carl Davis,77,DT,ACT,77,335,9,Iowa,Washington Commanders
Sheldon Day,98,DT,ACT,73,294,9,Notre Dame,Washington Commanders
Michael Deiter,60,C,ACT,78,315,7,Wisconsin,Washington Commanders
Austin Ekeler,30,RB,ACT,70,200,9,Western State,Washington Commanders
Zach Ertz,86,TE,ACT,77,250,13,Stanford,Washington Commanders
George Fant,64,OT,ACT,77,296,10,Western Kentucky,Washington Commanders
Viliami Fehoko Jr.,93,DE,CUT,76,267,2,San Jose State,Washington Commanders
Demetric Felton,25,RB,ACT,69,190,3,UCLA,Washington Commanders
Clelin Ferrell,99,DE,ACT,76,265,7,Clemson,Washington Commanders
Michael Gallup,12,WR,ACT,73,198,7,Colorado State,Washington Commanders
Matt Gay,16,K,ACT,72,232,7,Utah,Washington Commanders
Allan George,38,CB,TRD,73,195,1,Vanderbilt,Washington Commanders
Eddie Goldman,97,NT,ACT,75,320,8,Florida State,Washington Commanders
Julian Good-Jones,61,G,RES,77,313,2,Iowa State,Washington Commanders
Antonio Hamilton,34,CB,ACT,72,188,10,South Carolina State,Washington Commanders
Dominique Hampton,45,LB,CUT,75,220,2,Washington,Washington Commanders
Will Harris,3,SAF,ACT,73,207,7,Boston College,Washington Commanders
Nick Harris,"",C,ACT,73,302,6,Washington,Washington Commanders
Bobby Hart,51,OT,ACT,77,310,9,Florida State,Washington Commanders
Sam Hartman,15,QB,ACT,73,209,1,Notre Dame,Washington Commanders
Jalyn Holmes,96,DT,ACT,77,283,6,Ohio State,Washington Commanders
Noah Igbinoghene,6,CB,ACT,71,197,6,Auburn,Washington Commanders
Tyree Jackson,80,TE,RES,79,249,3,Buffalo,Washington Commanders
Javontae Jean-Baptiste,90,DE,ACT,76,260,2,Notre Dame,Washington Commanders
Josh Johnson,14,QB,ACT,75,214,11,San Diego,Washington Commanders
Jacoby Jones,10,WR,ACT,75,228,R,UCF,Washington Commanders
Jonathan Jones,31,CB,ACT,70,185,10,Auburn,Washington Commanders
Andre Jones Jr.,50,DE,ACT,77,258,2,Louisiana-Lafayette,Washington Commanders
Ale Kaho,51,LB,ACT,74,230,R,UCLA,Washington Commanders
Javon Kinlaw,52,DT,ACT,77,319,6,South Carolina,Washington Commanders
Jaylin Lane,83,WR,ACT,70,196,R,Virginia Tech,Washington Commanders
Marshon Lattimore,2,CB,ACT,72,192,9,Ohio State,Washington Commanders
Frankie Luvu,4,LB,ACT,75,236,8,Washington State,Washington Commanders
Jordan Magee,58,LB,ACT,75,226,2,Temple,Washington Commanders
T.J. Maguranyanga,59,DE,ACT,76,222,R,"",Washington Commanders
Marcus Mariota,18,QB,ACT,76,222,11,Oregon,Washington Commanders
Jacob Martin,55,DE,ACT,74,242,8,Temple,Washington Commanders
Quan Martin,20,SAF,ACT,72,195,3,Illinois,Washington Commanders
Tay Martin,6,WR,ACT,75,186,1,Oklahoma State,Washington Commanders
Luke McCaffrey,11,WR,ACT,74,195,2,Rice,Washington Commanders
Robert McDaniel,47,DB,ACT,74,207,R,Jackson State University,Washington Commanders
Timothy McKay,68,OT,ACT,76,312,R,North Carolina,Washington Commanders
Terry McLaurin,17,WR,ACT,72,210,7,Ohio State,Washington Commanders
Jeremy McNichols,26,RB,ACT,69,205,5,Boise State,Washington Commanders
Kain Medrano,56,LB,ACT,75,230,R,UCLA,Washington Commanders
Von Miller,24,OLB,ACT,75,245,15,Texas A&M,Washington Commanders
Chris Moore,19,WR,ACT,73,200,9,Cincinnati,Washington Commanders
Jer'Zhan Newton,95,DT,ACT,74,295,2,Illinois,Washington Commanders
Lucas Niang,53,OT,RES,78,315,4,TCU,Washington Commanders
Ben Nikkel,48,SAF,ACT,73,210,1,Iowa State,Washington Commanders
K.J. Osborn,13,WR,ACT,71,203,6,Miami,Washington Commanders
Tyler Ott,69,LS,ACT,75,253,11,Harvard,Washington Commanders
Tyler Owens,40,SAF,ACT,74,213,2,Texas Tech,Washington Commanders
Chris Paul,75,G,ACT,76,324,4,Tulsa,Washington Commanders
Daron Payne,94,NT,ACT,75,320,8,Alabama,Washington Commanders
Tyre Phillips,62,OT,ACT,77,330,4,Mississippi State,Washington Commanders
Norell Pollard,64,DT,ACT,72,288,2,Virginia Tech,Washington Commanders
Bobby Price,37,CB,ACT,75,205,5,Norfolk State,Washington Commanders
Jeremy Reaves,39,SAF,ACT,71,200,6,South Alabama,Washington Commanders
Duke Riley,45,MLB,ACT,72,218,10,LSU,Washington Commanders
Brian Robinson,8,RB,ACT,73,225,4,Alabama,Washington Commanders
Chris Rodriguez Jr.,36,RB,ACT,71,224,3,Kentucky,Washington Commanders
Mike Sainristil,"",CB,ACT,70,182,2,Michigan,Washington Commanders
Deebo Samuel Sr.,1,WR,ACT,72,215,7,South Carolina,Washington Commanders
Braylon Sanders,86,WR,ACT,73,194,1,Mississippi,Washington Commanders
Foster Sarell,79,OT,ACT,78,322,4,Stanford,Washington Commanders
Trent Scott,73,OT,ACT,77,320,8,Grambling State,Washington Commanders
Kevon Seymour,29,CB,CUT,72,188,8,USC,Washington Commanders
Ben Sinnott,82,TE,ACT,76,247,2,Kansas State,Washington Commanders
Mike Strachan,84,WR,CUT,77,225,4,Charleston,Washington Commanders
Laremy Tunsil,78,OT,ACT,77,313,10,Mississippi,Washington Commanders
Cole Turner,88,TE,ACT,78,240,3,Nevada,Washington Commanders
Car'lin Vigers,22,DB,ACT,74,200,R,Louisiana-Monroe,Washington Commanders
Bobby Wagner,54,MLB,ACT,72,242,14,Utah State,Washington Commanders
Tress Way,10,P,ACT,73,220,12,Oklahoma,Washington Commanders
Deatrich Wise,91,DE,ACT,77,280,9,Arkansas,Washington Commanders
Daryl Worley,29,SAF,ACT,73,205,10,West Virginia,Washington Commanders
Andrew Wylie,71,G,ACT,77,304,8,Eastern Michigan,Washington Commanders
Colson Yankoff,41,TE,ACT,76,225,2,UCLA,Washington Commanders
Jaire Alexander,23,CB,ACT,70,196,8,Louisville,Baltimore Ravens
Rasheen Ali,26,RB,ACT,71,210,2,Marshall,Baltimore Ravens
Mark Andrews,89,TE,ACT,77,250,8,Oklahoma,Baltimore Ravens
Jalyn Armour-Davis,5,CB,ACT,73,200,4,Alabama,Baltimore Ravens
Chidobe Awuzie,3,CB,ACT,72,202,9,Colorado,Baltimore Ravens
Jahmal Banks,86,WR,ACT,75,218,R,Nebraska,Baltimore Ravens
Rashod Bateman,7,WR,ACT,73,193,5,Minnesota,Baltimore Ravens
Beau Brade,25,SAF,ACT,72,209,2,Maryland,Baltimore Ravens
Teddye Buchanan,40,LB,ACT,74,240,R,California,Baltimore Ravens
Corey Bullock,67,OT,ACT,75,320,1,Maryland,Baltimore Ravens
Gerad Lichtenhan,78,OT,ACT,80,330,R,Oregon State,Baltimore Ravens
Ben Cleveland,66,G,ACT,78,355,5,Georgia,Baltimore Ravens
Malik Cunningham,12,WR,ACT,73,190,2,Louisville,Baltimore Ravens
Baylor Cupp,17,TE,ACT,78,243,1,Texas Tech,Baltimore Ravens
Darrian Dalcourt,76,G,ACT,75,320,1,Alabama,Baltimore Ravens
Garrett Dellinger,74,G,ACT,77,320,R,LSU,Baltimore Ravens
MJ Devonshire,36,DB,ACT,71,186,1,Pittsburgh,Baltimore Ravens
Daniel Faalele,77,G,ACT,80,370,4,Minnesota,Baltimore Ravens
Zay Flowers,4,WR,ACT,69,183,3,Boston College,Baltimore Ravens
Myles Gaskin,38,RB,ACT,70,199,7,Washington,Baltimore Ravens
Thomas Graham Jr.,34,CB,ACT,70,196,3,Oregon,Baltimore Ravens
Mike Green,45,LB,ACT,75,250,R,Marshall,Baltimore Ravens
Xavier Guillory,87,WR,ACT,74,203,R,Arizona State,Baltimore Ravens
Malik Hamm,59,LB,ACT,75,254,3,Lafayette College,Baltimore Ravens
Kyle Hamilton,14,SAF,ACT,76,218,4,Notre Dame,Baltimore Ravens
Derrick Henry,22,RB,ACT,75,252,10,Alabama,Baltimore Ravens
Jay Higgins,49,LB,ACT,72,230,R,Iowa,Baltimore Ravens
Justice Hill,43,RB,ACT,70,205,7,Oklahoma State,Baltimore Ravens
Reid Holskey,56,OT,ACT,78,310,R,Miami (Ohio),Baltimore Ravens
DeAndre Hopkins,10,WR,ACT,73,210,13,Clemson,Baltimore Ravens
Jacob Hummel,35,LB,ACT,73,229,4,Iowa State,Baltimore Ravens
Marlon Humphrey,44,CB,ACT,72,210,9,Alabama,Baltimore Ravens
Desmond Igbinosun,41,SAF,ACT,74,223,R,Rutgers,Baltimore Ravens
Adisa Isaac,50,LB,ACT,76,254,2,Penn State,Baltimore Ravens
Keondre Jackson,39,SAF,ACT,74,215,R,Illinois State,Baltimore Ravens
Lamar Jackson,8,QB,ACT,74,205,8,Louisville,Baltimore Ravens
John Jenkins,62,DT,ACT,75,360,13,Georgia,Baltimore Ravens
D'Ernest Johnson,30,RB,ACT,70,208,7,University of South Florida,Baltimore Ravens
Jayson Jones,69,DT,ACT,78,335,R,Auburn,Baltimore Ravens
Travis Jones,98,DT,ACT,76,341,4,Connecticut,Baltimore Ravens
Emery Jones Jr.,51,OT,ACT,77,315,R,LSU,Baltimore Ravens
Sanoussi Kane,21,SAF,ACT,71,210,2,Purdue,Baltimore Ravens
Keith Kirkwood,18,WR,ACT,75,210,5,Temple,Baltimore Ravens
Charlie Kolar,88,TE,ACT,78,265,4,Iowa State,Baltimore Ravens
Bilhal Kone,31,CB,RES,73,190,R,Western Michigan,Baltimore Ravens
William Kwenkeu,57,LB,ACT,73,235,3,Temple,Baltimore Ravens
Devin Leary,13,QB,ACT,73,215,1,Kentucky,Baltimore Ravens
Isaiah Likely,80,TE,ACT,76,245,4,Coastal Carolina,Baltimore Ravens
Tyler Linderbaum,64,C,ACT,74,305,4,Iowa,Baltimore Ravens
Robert Longerbeam,37,CB,RES,71,175,R,Rutgers,Baltimore Ravens
Tyler Loop,33,K,ACT,71,191,R,Arizona,Baltimore Ravens
Reuben Lowery,30,CB,ACT,69,204,R,Tennessee-Chattanooga,Baltimore Ravens
Nnamdi Madubuike,92,DT,ACT,75,305,6,Texas A&M,Baltimore Ravens
Marcus Major,36,RB,CUT,72,213,R,Minnesota,Baltimore Ravens
Chandler Martin,48,LB,ACT,72,230,R,Memphis,Baltimore Ravens
Keyon Martin,38,CB,ACT,69,170,R,Louisiana-Lafayette,Baltimore Ravens
Anthony Miller,6,WR,ACT,71,195,6,Memphis,Baltimore Ravens
Keaton Mitchell,34,RB,ACT,68,191,3,East Carolina,Baltimore Ravens
Zaire Mitchell-Paden,84,TE,ACT,77,257,1,Florida Atlantic,Baltimore Ravens
Nick Moore,46,LS,ACT,74,260,4,Georgia,Baltimore Ravens
Joe Noteboom,68,OT,ACT,77,300,8,TCU,Baltimore Ravens
Adedayo Odeleye,94,DE,ACT,77,283,1,"",Baltimore Ravens
David Ojabo,90,LB,ACT,76,252,4,Michigan,Baltimore Ravens
Basil Okoye,97,DT,ACT,78,370,1,"",Baltimore Ravens
Odafe Oweh,99,LB,ACT,77,265,5,Penn State,Baltimore Ravens
Aeneas Peebles,93,DT,ACT,72,289,R,Virginia Tech,Baltimore Ravens
Jared Penning,63,G,ACT,77,319,R,Northern Iowa,Baltimore Ravens
C.J. Ravenell,91,DE,ACT,77,300,1,Missouri Western,Baltimore Ravens
Patrick Ricard,42,FB,ACT,75,300,9,Maine,Baltimore Ravens
Marquise Robinson,28,CB,ACT,73,192,R,Arkansas,Baltimore Ravens
Tavius Robinson,95,LB,ACT,78,262,3,Mississippi,Baltimore Ravens
Roger Rosengarten,70,OT,ACT,77,316,2,Washington,Baltimore Ravens
Kaimon Rucker,56,LB,ACT,74,265,R,North Carolina,Baltimore Ravens
Cooper Rush,15,QB,ACT,75,225,8,Central Michigan,Baltimore Ravens
Nick Samac,61,C,ACT,76,314,2,Michigan State,Baltimore Ravens
Lucas Scott,47,FB,ACT,75,290,R,Army,Baltimore Ravens
Trenton Simpson,32,LB,ACT,74,235,3,Clemson,Baltimore Ravens
Roquan Smith,"",ILB,ACT,73,235,8,Georgia,Baltimore Ravens
Ronnie Stanley,79,OT,ACT,78,310,10,Notre Dame,Baltimore Ravens
Malaki Starks,24,SAF,ACT,73,203,R,Georgia,Baltimore Ravens
Jordan Stout,11,P,ACT,75,209,4,Penn State,Baltimore Ravens
T.J. Tampa,27,CB,ACT,73,199,2,Iowa State,Baltimore Ravens
Brent Urban,97,DE,ACT,79,309,12,Virginia,Baltimore Ravens
Kyle Van Noy,53,MLB,ACT,75,255,12,BYU,Baltimore Ravens
Carson Vinson,71,OT,ACT,79,321,R,Alabama A&M,Baltimore Ravens
Andrew Vorhees,72,G,ACT,78,320,2,USC,Baltimore Ravens
Dayton Wade,82,WR,ACT,69,184,1,Mississippi,Baltimore Ravens
Devontez Walker,81,WR,ACT,73,198,2,North Carolina,Baltimore Ravens
Tylan Wallace,16,WR,ACT,71,200,5,Oklahoma State,Baltimore Ravens
Ar'Darius Washington,29,SAF,ACT,68,180,4,TCU,Baltimore Ravens
Broderick Washington,96,DT,ACT,74,314,6,Texas Tech,Baltimore Ravens
Scotty Washington,85,TE,ACT,77,242,1,Wake Forest,Baltimore Ravens
LaJohntay Wester,83,WR,ACT,69,170,R,Colorado,Baltimore Ravens
Nate Wiggins,2,CB,ACT,73,182,2,Clemson,Baltimore Ravens
Zy Alexander,33,CB,ACT,73,187,R,LSU,Buffalo Bills
Josh Allen,17,QB,ACT,77,237,8,Wyoming,Buffalo Bills
Alec Anderson,70,OT,ACT,77,305,3,UCLA,Buffalo Bills
Joe Andreessen,44,LB,ACT,72,240,2,Buffalo,Buffalo Bills
Tyler Bass,2,K,ACT,70,183,6,Georgia Southern,Buffalo Bills
Jacob Bayer,61,C,ACT,74,306,R,Arkansas State,Buffalo Bills
Christian Benford,47,CB,ACT,73,205,4,Villanova,Buffalo Bills
Terrel Bernard,8,LB,ACT,73,224,4,Baylor,Buffalo Bills
Cole Bishop,24,SAF,ACT,74,207,2,Utah,Buffalo Bills
Joey Bosa,97,DE,ACT,77,280,10,Ohio State,Buffalo Bills
Spencer Brown,79,OT,ACT,80,311,5,Northern Iowa,Buffalo Bills
Shane Buechele,6,QB,ACT,72,210,4,SMU,Buffalo Bills
Deon Cain,32,WR,ACT,74,202,3,Clemson,Buffalo Bills
DeWayne Carter,90,DT,ACT,74,302,2,Duke,Buffalo Bills
Nelson Ceaser,"",DE,ACT,74,254,1,Houston,Buffalo Bills
Jimmy Ciarlo,35,LB,ACT,74,225,2,Army,Buffalo Bills
Travis Clayton,67,OT,ACT,79,301,2,"",Buffalo Bills
Brandon Codrington,29,CB,ACT,69,185,2,North Carolina Central,Buffalo Bills
Keon Coleman,"",WR,ACT,75,213,2,Florida State,Buffalo Bills
James Cook,4,RB,ACT,71,190,4,Georgia,Buffalo Bills
Te'Cory Couch,33,CB,RES,70,185,1,Miami,Buffalo Bills
Zach Davidson,84,TE,ACT,79,251,2,Central Missouri,Buffalo Bills
Caden Davis,36,K,CUT,73,210,R,Mississippi,Buffalo Bills
Ray Davis,22,RB,ACT,68,211,2,Kentucky,Buffalo Bills
Dion Dawkins,73,OT,ACT,77,320,9,Temple,Buffalo Bills
Grant DuBose,16,WR,ACT,74,201,2,Charlotte,Buffalo Bills
David Edwards,76,G,ACT,78,308,7,Wisconsin,Buffalo Bills
Mike Edwards,65,G,ACT,77,363,1,Campbell University,Buffalo Bills
A.J. Epenesa,57,DE,ACT,78,260,6,Iowa,Buffalo Bills
Darrynton Evans,21,RB,RES,70,203,6,Appalachian State,Buffalo Bills
Dan Feeney,60,G,ACT,76,310,9,Indiana,Buffalo Bills
Reid Ferguson,69,LS,ACT,74,235,9,LSU,Buffalo Bills
Darrick Forrest,28,SAF,ACT,71,200,5,Cincinnati,Buffalo Bills
Reggie Gilliam,41,FB,ACT,72,244,6,Toledo,Buffalo Bills
Frank Gore Jr.,20,RB,ACT,68,201,1,Southern Mississippi,Buffalo Bills
Stephen Gosnell,89,WR,ACT,73,198,R,Virginia Tech,Buffalo Bills
Richard Gouraige,75,OT,ACT,77,306,1,Florida,Buffalo Bills
Tylan Grable,68,OT,ACT,77,313,2,UCF,Buffalo Bills
Kendrick Green,53,G,ACT,75,310,5,Illinois,Buffalo Bills
Shaq Thompson,45,OLB,ACT,72,230,11,Washington,Buffalo Bills
Maxwell Hairston,31,CB,ACT,71,192,R,Kentucky,Buffalo Bills
KJ Hamler,19,WR,ACT,69,178,4,Penn State,Buffalo Bills
Damar Hamlin,3,SAF,ACT,72,200,5,Pittsburgh,Buffalo Bills
Jordan Hancock,37,CB,ACT,73,195,R,Ohio State,Buffalo Bills
Daequan Hardy,25,CB,ACT,69,178,1,Penn State,Buffalo Bills
Marcus Harris,72,DT,ACT,74,298,1,Auburn,Buffalo Bills
Jackson Hawes,85,TE,ACT,76,253,R,Georgia Tech,Buffalo Bills
Tre Herndon,38,CB,ACT,71,185,7,Vanderbilt,Buffalo Bills
Michael Hoecht,55,DE,ACT,76,267,5,Brown,Buffalo Bills
Justin Hollins,"",LB,CUT,77,248,6,Oregon,Buffalo Bills
Jarveon Howard,"",RB,RES,70,200,1,Alcorn State,Buffalo Bills
Ja'Marcus Ingram,46,CB,ACT,74,190,2,Buffalo,Buffalo Bills
Dane Jackson,23,CB,ACT,71,180,6,Pittsburgh,Buffalo Bills
Landon Jackson,94,DE,ACT,78,264,R,Arkansas,Buffalo Bills
Keonta Jenkins,49,LB,ACT,74,211,R,Virginia Tech,Buffalo Bills
Ty Johnson,26,RB,ACT,70,210,7,Maryland,Buffalo Bills
Taron Johnson,7,CB,ACT,71,192,8,Weber State,Buffalo Bills
DaQuan Jones,92,DT,ACT,76,320,12,Penn State,Buffalo Bills
Dalton Kincaid,86,TE,ACT,75,240,3,Utah,Buffalo Bills
Dawson Knox,88,TE,ACT,76,254,7,Mississippi,Buffalo Bills
Keleki Latu,83,TE,ACT,78,249,R,Washington,Buffalo Bills
Cam Lewis,39,CB,ACT,69,183,6,Buffalo,Buffalo Bills
Zion Logue,93,DT,ACT,78,325,1,Georgia,Buffalo Bills
Chase Lundt,77,OT,ACT,79,304,R,Connecticut,Buffalo Bills
Connor McGovern,66,C,ACT,78,318,7,Penn State,Buffalo Bills
Matt Milano,58,OLB,ACT,72,223,9,Boston College,Buffalo Bills
Elijah Moore,18,WR,ACT,70,180,5,Mississippi,Buffalo Bills
Larry Ogunjobi,99,DT,ACT,75,305,9,Charlotte,Buffalo Bills
Ed Oliver,91,DT,ACT,73,287,7,Houston,Buffalo Bills
Wande Owens,30,SAF,ACT,71,205,R,New Hampshire,Buffalo Bills
Josh Palmer,5,WR,ACT,73,210,5,Tennessee,Buffalo Bills
Kaden Prather,81,WR,RES,75,204,R,Maryland,Buffalo Bills
Taylor Rapp,9,SAF,ACT,72,208,7,Washington,Buffalo Bills
Rush Reimer,63,G,ACT,77,305,R,California,Buffalo Bills
Brad Robbins,40,P,ACT,72,220,2,Michigan,Buffalo Bills
Casey Rogers,71,DT,ACT,77,305,1,Oregon,Buffalo Bills
Greg Rousseau,50,DE,ACT,78,266,5,Miami,Buffalo Bills
Curtis Samuel,1,WR,ACT,71,195,9,Ohio State,Buffalo Bills
T.J. Sanders,98,DT,ACT,76,297,R,South Carolina,Buffalo Bills
Khalil Shakir,10,WR,ACT,72,190,4,Boise State,Buffalo Bills
Paris Shand,59,DE,ACT,76,268,R,LSU,Buffalo Bills
Tyrell Shavers,80,WR,ACT,76,211,1,San Diego State,Buffalo Bills
Laviska Shenault Jr.,15,WR,ACT,73,224,6,Colorado,Buffalo Bills
Matt Sokol,87,TE,ACT,77,249,1,Michigan State,Buffalo Bills
Javon Solomon,56,DE,ACT,73,246,2,Troy,Buffalo Bills
Baylon Spector,54,LB,CUT,72,233,4,Clemson,Buffalo Bills
Dorian Strong,43,CB,ACT,72,185,R,Virginia Tech,Buffalo Bills
O'Cyrus Torrence,64,G,ACT,77,330,3,Florida,Buffalo Bills
Mitchell Trubisky,11,QB,ACT,74,220,9,North Carolina,Buffalo Bills
Edefuan Ulofoshio,48,LB,ACT,73,239,2,Washington,Buffalo Bills
Ryan Van Demark,74,OT,ACT,78,307,3,Connecticut,Buffalo Bills
Sedrick Van Pran-Granger,62,C,ACT,76,315,2,Georgia,Buffalo Bills
Jalen Virgil,13,WR,CUT,73,210,4,Appalachian State,Buffalo Bills
Deone Walker,96,DT,ACT,79,331,R,Kentucky,Buffalo Bills
Mike White,14,QB,ACT,77,216,6,Western Kentucky,Buffalo Bills
Tre'Davious White,27,CB,ACT,71,192,9,LSU,Buffalo Bills
Kristian Wilkerson,82,WR,ACT,73,214,3,Southeast Missouri State,Buffalo Bills
Dorian Williams,42,LB,ACT,73,228,3,Tulane,Buffalo Bills
Elijah Young,21,RB,ACT,70,198,R,Western Kentucky,Buffalo Bills
Cal Adomitis,48,LS,ACT,74,238,4,Pittsburgh,Cincinnati Bengals
McTelvin Agim,72,DT,ACT,75,300,3,Arkansas,Cincinnati Bengals
Erick All,83,TE,ACT,77,255,2,Iowa,Cincinnati Bengals
Tycen Anderson,26,SAF,ACT,74,205,4,Toledo,Cincinnati Bengals
Daijahn Anthony,33,SAF,ACT,72,200,2,Mississippi,Cincinnati Bengals
Jordan Battle,27,SAF,ACT,73,215,3,Alabama,Cincinnati Bengals
Gary Brightwell,32,RB,ACT,73,218,4,Arizona,Cincinnati Bengals
Nate Brooks,41,CB,ACT,72,198,1,North Texas,Cincinnati Bengals
Tahj Brooks,25,RB,ACT,69,220,R,Texas Tech,Cincinnati Bengals
Chase Brown,30,RB,ACT,70,211,3,Illinois,Cincinnati Bengals
Orlando Brown,75,OT,ACT,80,350,8,Oklahoma,Cincinnati Bengals
Jake Browning,6,QB,ACT,74,210,3,Washington,Cincinnati Bengals
Taven Bryan,70,DT,ACT,76,291,8,Florida,Cincinnati Bengals
Cole Burgess,17,WR,ACT,73,198,1,Cortland State Of New York,Cincinnati Bengals
Oren Burks,42,ILB,ACT,75,233,8,Vanderbilt,Cincinnati Bengals
Joe Burrow,9,QB,ACT,76,215,6,LSU,Cincinnati Bengals
Jermaine Burton,81,WR,ACT,72,204,2,Alabama,Cincinnati Bengals
Barrett Carter,49,LB,ACT,72,230,R,Clemson,Cincinnati Bengals
Ja'Marr Chase,1,WR,ACT,72,205,5,LSU,Cincinnati Bengals
Devin Cochran,76,OT,ACT,79,330,3,Georgia Tech,Cincinnati Bengals
Andrew Coker,79,OT,ACT,79,315,1,TCU,Cincinnati Bengals
Quali Conley,40,RB,ACT,70,211,R,Arizona,Cincinnati Bengals
Howard Cross III,95,DT,ACT,73,285,R,Notre Dame,Cincinnati Bengals
Jalen Davis,35,CB,ACT,70,186,5,Utah State,Cincinnati Bengals
Caleb Etienne,77,OT,ACT,79,329,R,BYU,Cincinnati Bengals
Dylan Fairchild,63,G,ACT,77,318,R,Georgia,Cincinnati Bengals
Noah Fant,86,TE,ACT,76,249,7,Iowa,Cincinnati Bengals
Cody Ford,61,G,ACT,75,345,7,Oklahoma,Cincinnati Bengals
Mike Gesicki,88,TE,ACT,78,245,8,Penn State,Cincinnati Bengals
Joe Giles-Harris,53,LB,ACT,74,234,2,Duke,Cincinnati Bengals
Cam Grandy,85,TE,ACT,77,253,2,Illinois State,Cincinnati Bengals
Eric Gregory,94,DT,ACT,75,319,R,Arkansas,Cincinnati Bengals
Trey Hendrickson,91,DE,ACT,76,265,9,Florida Atlantic,Cincinnati Bengals
Shaka Heyward,50,LB,ACT,75,238,2,Duke,Cincinnati Bengals
Tee Higgins,5,WR,ACT,76,219,6,Clemson,Cincinnati Bengals
B.J. Hill,92,DE,ACT,75,311,8,N.C. State,Cincinnati Bengals
Daxton Hill,23,CB,ACT,72,195,4,Michigan,Cincinnati Bengals
Tanner Hudson,87,TE,ACT,77,241,6,Southern Arkansas,Cincinnati Bengals
Andrei Iosivas,80,WR,ACT,75,210,3,Princeton,Cincinnati Bengals
D.J. Ivey,38,CB,ACT,73,192,3,Miami,Cincinnati Bengals
McKinnley Jackson,93,DT,ACT,74,330,2,Texas A&M,Cincinnati Bengals
Kris Jenkins,90,DT,ACT,75,310,2,Michigan,Cincinnati Bengals
Cedric Johnson,52,DE,ACT,75,264,2,Mississippi,Cincinnati Bengals
Raymond Johnson III,56,DE,ACT,75,270,2,Georgia Southern,Cincinnati Bengals
Charlie Jones,15,WR,ACT,72,190,3,Purdue,Cincinnati Bengals
PJ Jules,37,SAF,ACT,72,203,1,Southern Illinois,Cincinnati Bengals
Ted Karras,64,C,ACT,76,310,10,Illinois,Cincinnati Bengals
Jaylen Key,43,SAF,ACT,74,210,1,Alabama,Cincinnati Bengals
Jaxson Kirkland,60,G,ACT,79,325,2,Washington,Cincinnati Bengals
Demetrius Knight Jr.,44,LB,ACT,74,240,R,South Carolina,Cincinnati Bengals
Matt Lee,65,C,ACT,76,310,2,Miami,Cincinnati Bengals
Shaquan Loyal,47,SAF,ACT,72,202,R,Rutgers,Cincinnati Bengals
Bralyn Lux,21,CB,ACT,70,180,R,Texas Tech,Cincinnati Bengals
Jamoi Mayes,16,WR,ACT,70,206,R,Cincinnati,Cincinnati Bengals
Tanner McLachlan,84,TE,ACT,77,245,2,Arizona,Cincinnati Bengals
Seth McLaughlin,68,C,ACT,76,305,R,Ohio State,Cincinnati Bengals
Evan McPherson,2,K,ACT,71,185,5,Florida,Cincinnati Bengals
Kendall Milton,36,RB,ACT,73,230,1,Georgia,Cincinnati Bengals
Amarius Mims,71,OT,ACT,80,350,2,Georgia,Cincinnati Bengals
Jordan Moore,14,WR,ACT,72,191,R,Duke,Cincinnati Bengals
Myles Murphy,99,DE,ACT,77,275,3,Clemson,Cincinnati Bengals
Josh Newton,28,CB,ACT,71,190,2,TCU,Cincinnati Bengals
Maema Njongmeta,45,LB,ACT,72,232,2,Wisconsin,Cincinnati Bengals
Joseph Ossai,58,DE,ACT,76,263,5,Texas,Cincinnati Bengals
Rashod Owens,12,WR,ACT,74,218,R,Oklahoma State,Cincinnati Bengals
Lucas Patrick,62,G,ACT,75,313,9,Duke,Cincinnati Bengals
Samaje Perine,34,RB,ACT,70,240,9,Oklahoma,Cincinnati Bengals
Kendric Pryor,19,WR,ACT,71,189,2,Wisconsin,Cincinnati Bengals
Andrew Raym,66,C,ACT,76,305,2,Oklahoma,Cincinnati Bengals
Ryan Rehkow,8,P,ACT,77,235,2,BYU,Cincinnati Bengals
Desmond Ridder,4,QB,ACT,76,215,4,Cincinnati,Cincinnati Bengals
Jalen Rivers,74,OT,ACT,77,319,R,Miami,Cincinnati Bengals
Lance Robinson,39,CB,ACT,70,185,2,Tulane,Cincinnati Bengals
Cameron Sample,96,DE,ACT,75,272,5,Tulane,Cincinnati Bengals
Drew Sample,89,TE,ACT,77,260,7,Washington,Cincinnati Bengals
Tedarrell Slaton,98,DT,ACT,77,340,5,Florida,Cincinnati Bengals
Shemar Stewart,97,DE,ACT,77,267,R,Texas A&M,Cincinnati Bengals
Geno Stone,22,SAF,ACT,71,209,6,Iowa,Cincinnati Bengals
Andrew Stueber,73,OT,ACT,79,338,2,Michigan,Cincinnati Bengals
Cam Taylor-Britt,29,CB,ACT,71,200,4,Nebraska,Cincinnati Bengals
Isaiah Thomas,51,DE,ACT,77,272,3,Oklahoma,Cincinnati Bengals
Payton Thorne,10,QB,ACT,74,207,R,Auburn,Cincinnati Bengals
Mitchell Tinsley,82,WR,ACT,73,205,2,Penn State,Cincinnati Bengals
DJ Turner II,20,CB,ACT,71,185,3,Michigan,Cincinnati Bengals
Cordell Volson,67,G,ACT,78,315,4,North Dakota State,Cincinnati Bengals
William Wagner,46,LS,ACT,74,240,R,Michigan,Cincinnati Bengals
Isaiah Williams,18,WR,ACT,70,185,2,Illinois,Cincinnati Bengals
Logan Wilson,55,LB,ACT,74,245,6,Wyoming,Cincinnati Bengals
Marco Wilson,24,CB,ACT,71,191,5,Florida,Cincinnati Bengals
Craig Young,59,LB,ACT,75,225,1,Kansas,Cincinnati Bengals
Chigozie Anusiem,35,CB,ACT,73,200,2,Colorado State,Cleveland Browns
Jerome Baker,17,OLB,ACT,74,232,8,Ohio State,Cleveland Browns
Jackson Barton,68,OT,ACT,79,302,6,Utah,Cleveland Browns
Brenden Bates,82,TE,ACT,77,255,2,Kentucky,Cleveland Browns
David Bell,18,WR,ACT,73,212,4,Purdue,Cleveland Browns
Joel Bitonio,75,G,ACT,76,320,12,Nevada,Cleveland Browns
Corey Bojorquez,13,P,ACT,72,217,8,New Mexico,Cleveland Browns
Isaiah Bond,81,WR,ACT,71,180,R,Texas,Cleveland Browns
Jowon Briggs,97,DT,TRD,73,313,2,Cincinnati,Cleveland Browns
Tony Brown,11,CB,ACT,72,200,7,Alabama,Cleveland Browns
Devin Bush,30,LB,ACT,71,234,7,Michigan,Cleveland Browns
Sal Cannella,87,TE,ACT,77,242,1,Auburn,Cleveland Browns
DeAndre Carter,2,WR,ACT,68,190,8,Sacramento State,Cleveland Browns
Javion Cohen,67,G,ACT,76,322,1,Miami,Cleveland Browns
Maliek Collins,96,DT,ACT,74,310,10,Nebraska,Cleveland Browns
Jack Conklin,78,OT,ACT,78,308,10,Michigan State,Cleveland Browns
Chase Cota,"",WR,ACT,76,205,1,Oregon,Cleveland Browns
Kaden Davis,89,WR,ACT,73,193,1,NW Missouri State University,Cleveland Browns
Grant Delpit,9,SAF,ACT,75,208,6,LSU,Cleveland Browns
Mohamoud Diabate,43,LB,ACT,76,225,3,Utah,Cleveland Browns
Chris Edmonds,41,SAF,ACT,74,210,1,Arizona State,Cleveland Browns
Martin Emerson,1,CB,RES,74,200,4,Mississippi State,Cleveland Browns
Harold Fannin Jr.,88,TE,ACT,76,241,R,Bowling Green,Cleveland Browns
Joe Flacco,15,QB,ACT,78,245,18,Delaware,Cleveland Browns
Luke Floriea,37,WR,CUT,68,179,R,Kent State,Cleveland Browns
Jerome Ford,34,RB,ACT,70,210,4,Cincinnati,Cleveland Browns
Dillon Gabriel,5,QB,ACT,71,205,R,Oregon,Cleveland Browns
Myles Garrett,95,DE,ACT,76,272,9,Texas A&M,Cleveland Browns
Mason Graham,94,DT,ACT,76,315,R,Michigan,Cleveland Browns
Sebastian Gutierrez,58,OT,ACT,77,308,1,Minot State University,Cleveland Browns
Mike Hall Jr.,51,DT,ACT,75,300,2,Ohio State,Cleveland Browns
Myles Harden,26,CB,ACT,71,195,2,South Dakota,Cleveland Browns
Shelby Harris,93,DT,ACT,74,288,11,Illinois State,Cleveland Browns
KJ Henry,52,DE,ACT,76,255,3,Clemson,Cleveland Browns
Ronnie Hickman Jr.,33,SAF,ACT,73,209,3,Ohio State,Cleveland Browns
Ralph Holley,63,DT,ACT,72,285,1,Western Michigan,Cleveland Browns
Christian Holmes,22,CB,ACT,73,205,3,Oklahoma State,Cleveland Browns
Dustin Hopkins,7,K,ACT,74,210,12,Florida State,Cleveland Browns
Adin Huntington,66,DE,ACT,73,281,R,Tulane,Cleveland Browns
Tyler Huntley,7,QB,ACT,73,204,6,Utah,Cleveland Browns
Keenan Isaac,39,DB,ACT,75,190,1,Alabama State,Cleveland Browns
Jason Ivey,72,OT,ACT,77,300,R,North Carolina A&T,Cleveland Browns
LaMareon James,27,CB,ACT,70,192,R,TCU,Cleveland Browns
Rayshawn Jenkins,28,SAF,ACT,73,220,9,Miami,Cleveland Browns
Teven Jenkins,74,G,ACT,78,320,5,Oklahoma State,Cleveland Browns
Jerry Jeudy,3,WR,ACT,73,195,6,Alabama,Cleveland Browns
Diontae Johnson,16,WR,ACT,70,183,7,Toledo,Cleveland Browns
Kisean Johnson,83,WR,ACT,73,216,R,Western Kentucky,Cleveland Browns
Dawand Jones,79,OT,ACT,80,375,3,Ohio State,Cleveland Browns
Dom Jones,37,CB,ACT,74,192,R,Colorado State,Cleveland Browns
Quinshon Judkins,"",RB,UDF,72,219,R,Ohio State,Cleveland Browns
Sam Kamara,92,DE,ACT,72,272,3,Stony Brook,Cleveland Browns
Damontae Kazee,23,S,ACT,71,174,9,San Diego State,Cleveland Browns
Anthony Kendall,44,CB,RES,70,188,2,Baldwin Wallace College,Cleveland Browns
Gage Larvadain,84,WR,ACT,68,171,R,South Carolina,Cleveland Browns
Titus Leo,98,DE,ACT,75,245,3,Wagner,Cleveland Browns
Cornelius Lucas,71,OT,ACT,80,327,11,Kansas State,Cleveland Browns
Ahmani Marshall,39,RB,ACT,73,225,R,Appalachian State,Cleveland Browns
Easton Mascarenas-Arnold,42,LB,ACT,71,226,R,USC,Cleveland Browns
Brent Matiscik,48,LS,CUT,73,230,R,TCU,Cleveland Browns
Roy Mbaeteka,61,OT,TRC,80,330,1,"",Cleveland Browns
Cade McDonald,31,WR,ACT,70,196,R,Miami (Ohio),Cleveland Browns
Isaiah McGuire,57,DE,ACT,76,268,3,Missouri,Cleveland Browns
Donovan McMillon,31,SAF,ACT,74,203,R,Pittsburgh,Cleveland Browns
Cameron Mitchell,29,CB,ACT,71,191,3,Northwestern,Cleveland Browns
Marvin Moody,"",LB,ACT,74,240,1,Tulane,Cleveland Browns
Nik Needham,25,SAF,ACT,73,196,6,Texas-El Paso,Cleveland Browns
Greg Newsome II,"",CB,ACT,72,192,5,Northwestern,Cleveland Browns
David Njoku,85,TE,ACT,76,246,9,Miami,Cleveland Browns
Julian Okwara,53,DE,ACT,76,250,6,Notre Dame,Cleveland Browns
Justin Osborne,62,C,RES,77,305,R,SMU,Cleveland Browns
Jeremiah Owusu-Koramoah,6,LB,PUP,74,221,5,Notre Dame,Cleveland Browns
Kenny Pickett,8,QB,ACT,75,220,4,Pittsburgh,Cleveland Browns
Ethan Pocic,55,C,ACT,78,320,9,LSU,Cleveland Browns
Winston Reid,59,LB,ACT,72,225,2,Weber State,Cleveland Browns
Darius Rush,39,CB,ACT,74,198,2,South Carolina,Cleveland Browns
Dylan Sampson,22,RB,ACT,68,201,R,Tennessee,Cleveland Browns
Shedeur Sanders,12,QB,ACT,74,212,R,Colorado,Cleveland Browns
Carson Schwesinger,49,LB,ACT,75,242,R,UCLA,Cleveland Browns
Pierre Strong,20,RB,ACT,71,215,4,South Dakota State,Cleveland Browns
Rex Sunahara,50,LS,ACT,78,242,2,West Virginia,Cleveland Browns
Andre Szmyt,47,K,ACT,72,200,1,Syracuse,Cleveland Browns
Toa Taua,35,RB,CUT,69,215,1,Nevada,Cleveland Browns
Wyatt Teller,77,G,ACT,76,315,8,Virginia Tech,Cleveland Browns
Cameron Thomas,99,DE,ACT,76,265,4,San Diego State,Cleveland Browns
Charlie Thomas,"",LB,ACT,75,216,1,Georgia Tech,Cleveland Browns
Lorenzo Thompson,69,OT,ACT,78,305,1,Rhode Island,Cleveland Browns
Jamari Thrash,80,WR,ACT,72,190,2,Louisville,Cleveland Browns
Cedric Tillman,19,WR,ACT,75,215,3,Tennessee,Cleveland Browns
Dartanyan Tinsley,65,G,ACT,75,340,R,Cincinnati,Cleveland Browns
Joe Tryon-Shoyinka,90,DE,ACT,77,259,5,Washington,Cleveland Browns
Mitch Van Vooren,44,TE,ACT,77,242,R,St Norbert College,Cleveland Browns
Denzel Ward,21,CB,ACT,71,190,8,Ohio State,Cleveland Browns
Deshaun Watson,4,QB,ACT,75,223,9,Clemson,Cleveland Browns
Nathaniel Watson,40,LB,RES,72,233,2,Mississippi State,Cleveland Browns
Blake Whiteheart,86,TE,ACT,76,250,3,Wake Forest,Cleveland Browns
Bucky Williams,62,C,ACT,75,300,2,Appalachian State,Cleveland Browns
Trayveon Williams,36,RB,ACT,68,206,7,Texas A&M,Cleveland Browns
Alex Wright,91,DE,ACT,77,267,4,UAB,Cleveland Browns
Luke Wypler,56,C,ACT,75,303,3,Ohio State,Cleveland Browns
Kilian Zierer,54,OT,ACT,79,312,2,Auburn,Cleveland Browns
Zak Zinter,70,G,ACT,78,310,2,Michigan,Cleveland Browns
Micah Abraham,45,DB,ACT,71,185,1,Marshall,Denver Broncos
Kris Abrams-Draine,31,CB,ACT,71,178,2,Missouri,Denver Broncos
Nate Adkins,45,TE,ACT,75,252,3,South Carolina,Denver Broncos
Zach Allen,99,DE,ACT,76,281,7,Boston College,Denver Broncos
Tyler Badie,28,RB,ACT,68,194,2,Missouri,Denver Broncos
Levelle Bailey,56,LB,ACT,74,225,2,Fresno State,Denver Broncos
Michael Bandy,83,WR,ACT,70,190,3,San Diego,Denver Broncos
Jahdae Barron,12,CB,ACT,71,200,R,Texas,Denver Broncos
Garett Bolles,72,OT,ACT,77,300,9,Utah,Denver Broncos
Nik Bonitto,15,LB,ACT,75,240,4,Oklahoma,Denver Broncos
J.B. Brown,50,LB,CUT,74,230,R,Kansas,Denver Broncos
Pat Bryant,13,WR,ACT,75,200,R,Illinois,Denver Broncos
Michael Burton,20,FB,ACT,71,242,11,Rutgers,Denver Broncos
Jonathon Cooper,"",LB,ACT,76,257,5,Ohio State,Denver Broncos
Marques Cox,70,OT,ACT,77,305,R,Kentucky,Denver Broncos
Jeremy Crawshaw,16,P,ACT,75,205,R,Florida,Denver Broncos
Frank Crum,73,OT,ACT,79,315,2,Wyoming,Denver Broncos
Joaquin Davis,80,WR,ACT,76,195,R,North Carolina Central,Denver Broncos
J.K. Dobbins,27,RB,ACT,70,215,6,Ohio State,Denver Broncos
Michael Dwumfour,"",DT,ACT,73,296,2,Rutgers,Denver Broncos
Sam Ehlinger,4,QB,ACT,74,225,5,Texas,Denver Broncos
Jonah Elliss,52,LB,ACT,74,246,2,Utah,Denver Broncos
Evan Engram,1,TE,ACT,75,240,9,Mississippi,Denver Broncos
Audric Estimé,23,RB,ACT,71,227,2,Notre Dame,Denver Broncos
Andrew Farmer,53,LB,ACT,76,250,2,Lane College,Denver Broncos
Alex Forsyth,54,C,ACT,76,312,3,Oregon,Denver Broncos
Mitchell Fraboni,48,LS,ACT,74,223,4,Arizona State,Denver Broncos
Sam Franklin Jr.,42,SAF,ACT,75,210,6,Temple,Denver Broncos
Troy Franklin,11,WR,ACT,75,187,2,Oregon,Denver Broncos
John Franklin-Myers,98,DE,ACT,76,288,8,Stephen F. Austin State,Denver Broncos
Nick Gargiulo,66,G,RES,77,327,1,South Carolina,Denver Broncos
Dre Greenlaw,57,LB,ACT,72,230,7,Arkansas,Denver Broncos
RJ Harvey,37,RB,ACT,69,208,R,UCF,Denver Broncos
Matt Henningsen,91,DE,RES,75,291,3,Wisconsin,Denver Broncos
Talanoa Hufanga,9,SAF,ACT,72,200,5,USC,Denver Broncos
Courtney Jackson,89,WR,ACT,71,179,R,Arkansas State,Denver Broncos
Jordan Jackson,94,DT,ACT,77,285,2,Air Force,Denver Broncos
Brandon Jones,22,SAF,ACT,73,191,6,Texas,Denver Broncos
D.J. Jones,93,DT,ACT,72,305,9,Mississippi,Denver Broncos
Sai'vion Jones,95,DE,ACT,78,280,R,LSU,Denver Broncos
Gregory Junior,"",CB,CUT,72,190,2,Ouachita Baptist University,Denver Broncos
Devon Key,26,SAF,ACT,72,208,2,Western Kentucky,Denver Broncos
Lucas Krull,85,TE,ACT,78,260,3,Pittsburgh,Denver Broncos
P.J. Locke,6,SAF,ACT,70,202,6,Texas,Denver Broncos
Caleb Lohner,84,TE,ACT,79,250,R,Utah,Denver Broncos
Wil Lutz,3,K,ACT,71,184,10,Georgia State,Denver Broncos
Damarri Mathis,27,CB,ACT,71,195,4,Pittsburgh,Denver Broncos
Mike McGlinchey,69,OT,ACT,80,310,8,Notre Dame,Denver Broncos
Jaleel McLaughlin,38,RB,ACT,69,183,3,Youngstown State,Denver Broncos
Ja'Quan McMillian,29,CB,ACT,70,183,3,East Carolina,Denver Broncos
Quinn Meinerz,77,C,ACT,75,320,5,Wisconsin-Whitewater,Denver Broncos
Joseph Michalski,68,C,ACT,77,305,R,Oklahoma State,Denver Broncos
Jordan Miller,90,DT,ACT,75,307,1,SMU,Denver Broncos
Marvin Mims Jr.,19,WR,ACT,71,184,3,Oklahoma,Denver Broncos
Riley Moss,21,CB,ACT,72,193,3,Iowa,Denver Broncos
Garrett Nelson,59,DE,ACT,76,245,1,Nebraska,Denver Broncos
Quinton Newsome,36,CB,ACT,73,185,1,Nebraska,Denver Broncos
Jerjuan Newton,81,WR,ACT,71,192,R,Toledo,Denver Broncos
Bo Nix,10,QB,ACT,74,217,2,Oregon,Denver Broncos
Alex Palczewski,63,OT,ACT,78,315,3,Illinois,Denver Broncos
Matt Peart,79,OT,ACT,79,315,6,Connecticut,Denver Broncos
A.T. Perry,87,WR,ACT,77,205,2,Wake Forest,Denver Broncos
Joshua Pickett,25,CB,ACT,72,188,R,Duke,Denver Broncos
Ben Powers,74,G,ACT,76,338,7,Oklahoma,Denver Broncos
Adam Prentice,46,FB,ACT,72,245,5,South Carolina,Denver Broncos
Caden Prieskorn,86,TE,ACT,77,255,R,Mississippi,Denver Broncos
Karene Reid,47,LB,ACT,72,227,R,Utah,Denver Broncos
Malcolm Roach,97,DT,ACT,75,290,6,Texas,Denver Broncos
Jaden Robinson,33,CB,ACT,72,193,R,Oregon State,Denver Broncos
Que Robinson,51,LB,ACT,77,241,R,Alabama,Denver Broncos
Drew Sanders,41,LB,ACT,77,234,3,Arkansas,Denver Broncos
Trent Sherfield,5,WR,ACT,73,206,8,Vanderbilt,Denver Broncos
Will Sherman,78,G,ACT,76,300,1,Colorado,Denver Broncos
Alex Singleton,49,LB,ACT,74,240,7,Montana State,Denver Broncos
JL Skinner,34,SAF,ACT,76,220,3,Boise State,Denver Broncos
Keidron Smith,43,DB,ACT,74,201,2,Kentucky,Denver Broncos
Jarrett Stidham,8,QB,ACT,75,215,6,Auburn,Denver Broncos
Justin Strnad,40,LB,ACT,75,235,6,Wake Forest,Denver Broncos
Pat Surtain II,2,CB,ACT,74,202,5,Alabama,Denver Broncos
Courtland Sutton,14,WR,ACT,76,216,8,SMU,Denver Broncos
Reese Taylor,35,CB,ACT,69,188,1,Purdue,Denver Broncos
Calvin Throckmorton,76,G,ACT,77,311,5,Oregon,Denver Broncos
Dondrea Tillman,92,LB,ACT,76,247,2,"Indiana PA,  University of",Denver Broncos
Adam Trautman,82,TE,ACT,77,253,6,Dayton,Denver Broncos
Xavier Truss,71,G,ACT,79,320,R,Georgia,Denver Broncos
Jordan Turner,55,LB,ACT,73,231,R,Michigan State,Denver Broncos
Delarrin Turner-Yell,32,SAF,ACT,71,200,4,Oklahoma,Denver Broncos
Eyioma Uwazurike,96,DT,ACT,78,320,3,Iowa State,Denver Broncos
Devaughn Vele,17,WR,TRC,77,210,2,Utah,Denver Broncos
Johnny Walker Jr.,59,LB,RES,75,250,R,Missouri,Denver Broncos
Garret Wallow,46,LB,ACT,74,230,5,TCU,Denver Broncos
Blake Watson,25,RB,ACT,69,195,2,Memphis,Denver Broncos
Luke Wattenberg,60,C,ACT,77,300,4,Washington,Denver Broncos
Clay Webb,64,G,ACT,75,310,R,Jacksonville State,Denver Broncos
Kyrese Rowan,39,WR,ACT,70,185,R,Utah State,Denver Broncos
Kristian Williams,75,DT,ACT,74,295,R,Missouri,Denver Broncos
Yasir Abdullah,56,LB,ACT,73,240,3,Louisville,Jacksonville Jaguars
Josh Hines-Allen,41,DE,ACT,77,255,7,Kentucky,Jacksonville Jaguars
LeQuint Allen Jr.,36,RB,ACT,72,201,R,Syracuse,Jacksonville Jaguars
Tremayne Anchrum,78,G,ACT,74,314,5,Clemson,Jacksonville Jaguars
Arik Armstead,91,DT,ACT,79,290,11,Oregon,Jacksonville Jaguars
Tank Bigsby,4,RB,ACT,71,215,3,Auburn,Jacksonville Jaguars
Shawn Bowman,49,TE,ACT,76,249,1,Rutgers,Jacksonville Jaguars
Christian Braswell,21,CB,ACT,71,185,2,Rutgers,Jacksonville Jaguars
Chandler Brayboy,15,WR,ACT,73,199,R,Elon,Jacksonville Jaguars
Dyami Brown,5,WR,ACT,72,195,5,North Carolina,Jacksonville Jaguars
Montaric Brown,30,CB,ACT,72,190,4,Arkansas,Jacksonville Jaguars
Tyson Campbell,3,CB,ACT,73,195,5,Georgia,Jacksonville Jaguars
Cam Camper,17,WR,ACT,75,197,R,Boise State,Jacksonville Jaguars
James Carpenter,99,DT,ACT,74,288,R,Indiana,Jacksonville Jaguars
Jerome Carvin,"",G,ACT,77,307,1,Tennessee,Jacksonville Jaguars
Joshua Cephus,80,WR,RES,74,193,1,Texas-San Antonio,Jacksonville Jaguars
Ezra Cleveland,76,G,ACT,78,311,6,Boise State,Jacksonville Jaguars
Myles Cole,59,DE,ACT,78,278,2,Texas Tech,Jacksonville Jaguars
Branson Combs,50,LB,ACT,75,228,R,Wake Forest,Jacksonville Jaguars
Logan Cooke,9,P,ACT,77,230,8,Mississippi State,Jacksonville Jaguars
John Copenhaver,43,TE,ACT,75,240,R,North Carolina,Jacksonville Jaguars
Ethan Downs,96,DE,ACT,76,263,R,Oklahoma,Jacksonville Jaguars
Chuma Edoga,55,OT,ACT,76,315,7,USC,Jacksonville Jaguars
Travis Etienne,1,RB,ACT,70,215,5,Clemson,Jacksonville Jaguars
Luke Fortner,79,C,TRC,76,307,4,Kentucky,Jacksonville Jaguars
Javon Foster,62,OT,ACT,77,313,2,Missouri,Jacksonville Jaguars
Dennis Gardeck,57,LB,ACT,72,232,8,Sioux Falls,Jacksonville Jaguars
BJ Green II,95,DE,ACT,73,270,R,Colorado,Jacksonville Jaguars
Robert Hainsey,73,OT,ACT,76,306,5,Notre Dame,Jacksonville Jaguars
DaVon Hamilton,52,DT,ACT,76,335,6,Ohio State,Jacksonville Jaguars
Kevin Harris,"",RB,ACT,70,225,2,South Carolina,Jacksonville Jaguars
Anton Harrison,77,OT,ACT,77,315,3,Oklahoma,Jacksonville Jaguars
Seth Henigan,19,QB,ACT,75,215,R,Memphis,Jacksonville Jaguars
Patrick Herbert,47,TE,ACT,77,255,R,Oregon,Jacksonville Jaguars
Cooper Hodges,75,OT,PUP,76,305,3,Appalachian State,Jacksonville Jaguars
Travis Hunter,12,CB,ACT,73,185,R,Colorado,Jacksonville Jaguars
Trenton Irwin,83,WR,ACT,74,204,6,Stanford,Jacksonville Jaguars
Ja'Quinden Jackson,38,RB,ACT,74,233,R,Arkansas,Jacksonville Jaguars
Jordan Jefferson,98,DT,ACT,74,316,2,LSU,Jacksonville Jaguars
Fred Johnson,74,OT,ACT,79,326,7,Florida,Jacksonville Jaguars
Antonio Johnson,26,SAF,ACT,74,198,3,Texas A&M,Jacksonville Jaguars
Austin Johnson,69,NT,ACT,76,314,9,Penn State,Jacksonville Jaguars
Jarrian Jones,22,CB,ACT,71,190,2,Florida State,Jacksonville Jaguars
Jack Kiser,54,LB,ACT,74,231,R,Notre Dame,Jacksonville Jaguars
Tyler Lacy,93,DE,ACT,76,279,3,Oklahoma State,Jacksonville Jaguars
Rayuan Lane III,25,SAF,ACT,71,197,R,Navy,Jacksonville Jaguars
Darius Lassiter,88,WR,ACT,74,205,R,BYU,Jacksonville Jaguars
Trevor Lawrence,16,QB,ACT,78,220,5,Clemson,Jacksonville Jaguars
Ricky Lee,66,OT,ACT,77,289,2,North Carolina A&T,Jacksonville Jaguars
Jourdan Lewis,2,CB,ACT,70,190,9,Michigan,Jacksonville Jaguars
Cam Little,39,K,ACT,73,172,2,Arkansas,Jacksonville Jaguars
Walker Little,72,OT,ACT,79,325,5,Stanford,Jacksonville Jaguars
Devin Lloyd,"",LB,ACT,75,235,4,Utah,Jacksonville Jaguars
Hunter Long,84,TE,ACT,77,243,5,Boston College,Jacksonville Jaguars
Keni-H Lovely,31,CB,ACT,70,182,1,Western Michigan,Jacksonville Jaguars
Ross Matiscik,46,LS,ACT,72,240,6,Baylor,Jacksonville Jaguars
Jalen McLeod,53,LB,ACT,73,236,R,Auburn,Jacksonville Jaguars
Zech McPhearson,34,CB,CUT,71,191,4,Texas Tech,Jacksonville Jaguars
Patrick Mekari,65,OT,ACT,76,305,7,California,Jacksonville Jaguars
Ventrell Miller,51,LB,ACT,72,232,3,Florida,Jacksonville Jaguars
Wyatt Milum,64,OT,ACT,78,317,R,West Virginia,Jacksonville Jaguars
Jonah Monheim,60,C,ACT,77,310,R,USC,Jacksonville Jaguars
Quintin Morris,45,TE,ACT,74,243,4,Bowling Green,Jacksonville Jaguars
Eli Mostaert,67,DT,CUT,75,289,R,North Dakota State,Jacksonville Jaguars
Jabbar Muhammad,37,CB,ACT,70,185,R,Oregon,Jacksonville Jaguars
Nick Mullens,14,QB,ACT,73,210,7,Southern Mississippi,Jacksonville Jaguars
Chad Muma,48,LB,ACT,75,239,4,Wyoming,Jacksonville Jaguars
Johnny Mundt,86,TE,ACT,76,243,8,Oregon,Jacksonville Jaguars
Eric Murray,29,S,ACT,71,199,10,Minnesota,Jacksonville Jaguars
Emmanuel Ogbah,90,DE,ACT,76,275,10,Oklahoma State,Jacksonville Jaguars
Foye Oluokun,23,LB,ACT,74,229,8,Yale,Jacksonville Jaguars
Eli Pancol,10,WR,ACT,75,205,R,Duke,Jacksonville Jaguars
Deantre Prince,24,CB,ACT,72,183,2,Mississippi,Jacksonville Jaguars
Caleb Ransaw,27,CB,ACT,72,196,R,Tulane,Jacksonville Jaguars
Keivie Rose,97,DT,ACT,75,314,R,Arkansas,Jacksonville Jaguars
Khalen Saunders,68,DT,ACT,72,324,7,Western Illinois,Jacksonville Jaguars
Darnell Savage,6,SAF,ACT,71,198,7,Maryland,Jacksonville Jaguars
Cam'Ron Silmon-Craig,32,DB,ACT,70,185,R,Colorado,Jacksonville Jaguars
Dorian Singer,13,WR,ACT,72,180,R,Utah,Jacksonville Jaguars
Doneiko Slaughter,35,DB,ACT,72,190,R,Arkansas,Jacksonville Jaguars
Maason Smith,94,DT,ACT,77,306,2,LSU,Jacksonville Jaguars
Dawuane Smoot,58,DE,ACT,75,275,9,Illinois,Jacksonville Jaguars
Brenton Strange,85,TE,ACT,76,253,3,Penn State,Jacksonville Jaguars
Danny Striggow,92,DE,ACT,77,255,R,Minnesota,Jacksonville Jaguars
Daniel Thomas,20,SAF,ACT,70,215,6,Auburn,Jacksonville Jaguars
Brian Thomas Jr.,7,WR,ACT,74,209,2,LSU,Jacksonville Jaguars
Austin Trammell,81,WR,ACT,70,185,3,Rice,Jacksonville Jaguars
Bhayshul Tuten,33,RB,ACT,69,209,R,Virginia Tech,Jacksonville Jaguars
Cole Van Lanen,70,G,ACT,76,312,5,Wisconsin,Jacksonville Jaguars
Travon Walker,44,DE,ACT,77,272,4,Georgia,Jacksonville Jaguars
Levi Wallace,"",DB,CUT,72,179,8,Alabama,Jacksonville Jaguars
Parker Washington,11,WR,ACT,70,204,3,Penn State,Jacksonville Jaguars
Aydan White,40,DB,ACT,72,183,R,N.C. State,Jacksonville Jaguars
Andrew Wingard,42,SAF,ACT,72,200,7,Wyoming,Jacksonville Jaguars
John Wolford,18,QB,ACT,73,218,5,Wake Forest,Jacksonville Jaguars
Sal Wormley,61,G,ACT,75,327,R,Penn State,Jacksonville Jaguars
Felix Anudike-Uzomah,91,DE,RES,76,255,3,Kansas State,Kansas City Chiefs
Matt Araiza,14,P,ACT,74,200,2,San Diego State,Kansas City Chiefs
Elijhah Badger,80,WR,ACT,73,192,R,Florida,Kansas City Chiefs
Jeffrey Bassa,31,LB,ACT,74,235,R,Oregon,Kansas City Chiefs
Nick Bolton,32,LB,ACT,71,237,5,Missouri,Kansas City Chiefs
Jake Briningstool,88,TE,ACT,78,240,R,Clemson,Kansas City Chiefs
Marquise Brown,5,WR,ACT,69,180,7,Oklahoma,Kansas City Chiefs
Jason Brownlee,89,WR,ACT,75,202,2,Southern Mississippi,Kansas City Chiefs
Deon Bush,26,SAF,RES,72,200,9,Miami,Kansas City Chiefs
Harrison Butker,7,K,ACT,76,205,9,Georgia Tech,Kansas City Chiefs
Mike Caliendo,66,G,ACT,76,300,3,Western Michigan,Kansas City Chiefs
Owen Carney,53,LB,ACT,75,275,1,Illinois,Kansas City Chiefs
Ajani Carter,46,DB,ACT,74,200,R,Houston,Kansas City Chiefs
Leo Chenal,54,LB,ACT,75,250,4,Wisconsin,Kansas City Chiefs
Cole Christiansen,48,LB,ACT,73,230,2,Army,Kansas City Chiefs
Jack Cochrane,43,LB,ACT,75,236,4,South Dakota,Kansas City Chiefs
Chamarri Conner,27,DB,ACT,72,202,3,Virginia Tech,Kansas City Chiefs
Bryan Cook,6,SAF,ACT,73,206,4,Cincinnati,Kansas City Chiefs
Dalton Cooper,73,OT,ACT,79,315,R,Oklahoma State,Kansas City Chiefs
Jacobe Covington,40,CB,ACT,74,200,R,USC,Kansas City Chiefs
Mac Dalena,84,WR,ACT,71,180,R,Fresno State,Kansas City Chiefs
Michael Danna,51,DE,ACT,74,257,6,Michigan,Kansas City Chiefs
Ethan Driskell,75,OT,ACT,80,313,2,Marshall,Kansas City Chiefs
Mike Edwards,34,SAF,ACT,70,205,7,Kentucky,Kansas City Chiefs
Kristian Fulton,8,CB,ACT,71,197,5,LSU,Kansas City Chiefs
Brandon George,50,LB,ACT,75,240,R,Pittsburgh,Kansas City Chiefs
Ashton Gillotte,97,DE,ACT,75,270,R,Louisville,Kansas City Chiefs
Chukwuebuka Godrick,72,OT,ACT,77,293,1,"",Kansas City Chiefs
Noah Gray,83,TE,ACT,75,240,5,Duke,Kansas City Chiefs
C.J. Hanson,61,G,ACT,77,300,2,Holy Cross,Kansas City Chiefs
Azizi Hearn,42,DB,ACT,74,206,1,UCLA,Kansas City Chiefs
Malik Herring,94,DE,ACT,75,275,5,Georgia,Kansas City Chiefs
Jaden Hicks,21,SAF,ACT,73,215,2,Washington State,Kansas City Chiefs
Jimmy Holiday,82,WR,ACT,73,211,R,Louisiana Tech,Kansas City Chiefs
Creed Humphrey,52,C,ACT,76,302,5,Oklahoma,Kansas City Chiefs
Kareem Hunt,29,RB,ACT,71,216,9,Toledo,Kansas City Chiefs
Keaontay Ingram,30,RB,RES,72,221,3,USC,Kansas City Chiefs
Coziah Izzard,93,DT,ACT,75,305,R,Penn State,Kansas City Chiefs
Nazeeh Johnson,13,CB,ACT,70,199,4,Marshall,Kansas City Chiefs
Cam Jones,44,LB,ACT,74,227,3,Indiana,Kansas City Chiefs
Chris Jones,95,DE,ACT,78,310,10,Mississippi State,Kansas City Chiefs
George Karlaftis,56,DE,ACT,76,263,4,Purdue,Kansas City Chiefs
Travis Kelce,87,TE,ACT,77,250,13,Cincinnati,Kansas City Chiefs
Kevin Knowles,38,DB,ACT,71,190,R,Florida State,Kansas City Chiefs
Joey Lombard,68,C,ACT,77,305,R,South Dakota,Kansas City Chiefs
Fabien Lovett Sr.,96,DT,ACT,75,316,1,Florida State,Kansas City Chiefs
Patrick Mahomes,15,QB,ACT,74,225,9,Texas Tech,Kansas City Chiefs
Nate Matlack,57,DE,ACT,77,250,R,Pittsburgh,Kansas City Chiefs
Cooper McDonald,59,LB,ACT,75,240,R,TCU,Kansas City Chiefs
Trent McDuffie,22,CB,ACT,71,193,4,Washington,Kansas City Chiefs
Glendon Miller,25,SAF,ACT,74,206,R,Maryland,Kansas City Chiefs
Gardner Minshew,17,QB,ACT,73,225,7,Washington State,Kansas City Chiefs
Elijah Mitchell,25,RB,ACT,70,200,5,Louisiana-Lafayette,Kansas City Chiefs
Jaylon Moore,77,OT,ACT,76,311,5,Western Michigan,Kansas City Chiefs
Skyy Moore,24,WR,TRC,70,195,4,Western Michigan,Kansas City Chiefs
Wanya Morris,64,OT,ACT,78,307,3,Oklahoma,Kansas City Chiefs
Xander Mueller,49,LB,ACT,75,232,R,Northwestern,Kansas City Chiefs
Omarr Norman-Lott,55,DT,ACT,75,315,R,Tennessee,Kansas City Chiefs
Hunter Nourzad,60,C,ACT,75,317,2,Penn State,Kansas City Chiefs
Chris Oladokun,19,QB,ACT,73,213,1,South Dakota State,Kansas City Chiefs
Charles Omenihu,90,DE,ACT,77,280,7,Texas,Kansas City Chiefs
Isiah Pacheco,10,RB,ACT,70,216,4,Rutgers,Kansas City Chiefs
Mike Pennel,69,DT,ACT,76,330,11,Colorado State (Pueblo),Kansas City Chiefs
Esa Pole,79,OT,ACT,79,319,R,Washington State,Kansas City Chiefs
Hal Presley,13,WR,ACT,75,210,R,Baylor,Kansas City Chiefs
Nikko Remigio,81,WR,ACT,69,187,1,Fresno State,Kansas City Chiefs
Rashee Rice,4,WR,ACT,73,203,3,SMU,Kansas City Chiefs
Janarius Robinson,98,DE,RES,77,263,5,Florida State,Kansas City Chiefs
Christian Roland-Wallace,30,CB,ACT,71,202,2,USC,Kansas City Chiefs
Jalen Royals,11,WR,ACT,72,205,R,Utah State,Kansas City Chiefs
Eric Scott Jr.,45,CB,RES,74,202,2,Southern Mississippi,Kansas City Chiefs
Josh Simmons,71,OT,ACT,77,310,R,Ohio State,Kansas City Chiefs
Brashard Smith,30,RB,ACT,70,196,R,SMU,Kansas City Chiefs
Key'Shawn Smith,8,WR,ACT,73,186,R,SMU,Kansas City Chiefs
Trey Smith,65,G,ACT,78,321,5,Tennessee,Kansas City Chiefs
Melvin Smith Jr.,39,CB,ACT,73,185,R,Southern Arkansas,Kansas City Chiefs
JuJu Smith-Schuster,9,WR,ACT,73,215,9,USC,Kansas City Chiefs
Geor'Quarius Spivey,45,TE,ACT,77,245,1,Mississippi State,Kansas City Chiefs
Carson Steele,42,RB,ACT,72,228,2,UCLA,Kansas City Chiefs
Kingsley Suamataia,76,OT,ACT,76,326,2,BYU,Kansas City Chiefs
Jawaan Taylor,74,OT,ACT,77,330,7,Florida,Kansas City Chiefs
BJ Thompson,53,DE,RSN,78,243,3,Stephen F. Austin State,Kansas City Chiefs
Tyquan Thornton,2,WR,ACT,74,185,4,Baylor,Kansas City Chiefs
Jerry Tillery,99,DT,ACT,78,295,7,Notre Dame,Kansas City Chiefs
Robert Tonyan,85,TE,ACT,77,240,7,Indiana State,Kansas City Chiefs
Drue Tranquill,23,LB,ACT,74,234,7,Notre Dame,Kansas City Chiefs
Marlon Tuipulotu,92,DT,ACT,74,307,5,USC,Kansas City Chiefs
Jaylen Watson,35,CB,ACT,74,197,4,Washington State,Kansas City Chiefs
Tre Watson,49,TE,ACT,77,250,R,Texas A&M,Kansas City Chiefs
Jared Wiley,12,TE,ACT,78,249,2,TCU,Kansas City Chiefs
Michael Wiley,39,RB,ACT,70,209,1,Arizona,Kansas City Chiefs
Joshua Williams,2,CB,ACT,75,193,4,Fayetteville State University,Kansas City Chiefs
Major Williams,42,SAF,ACT,73,190,R,Carson Newman,Kansas City Chiefs
Nohl Williams,20,CB,ACT,73,200,R,California,Kansas City Chiefs
James Winchester,41,LS,ACT,75,240,11,Oklahoma,Kansas City Chiefs
Xavier Worthy,1,WR,ACT,71,165,2,Texas,Kansas City Chiefs
Elijah Young,34,RB,TRD,70,198,R,Western Kentucky,Kansas City Chiefs
Bailey Zappe,14,QB,ACT,73,215,4,Western Kentucky,Kansas City Chiefs
Jamal Adams,33,LB,ACT,73,213,9,LSU,Las Vegas Raiders
Gottlieb Ayedze,72,OT,ACT,76,309,1,Maryland,Las Vegas Raiders
Alex Bachman,81,WR,ACT,72,190,2,Wake Forest,Las Vegas Raiders
Kawaan Baker,82,WR,TRC,73,210,1,South Alabama,Las Vegas Raiders
Michael Barrett,43,LB,ACT,71,232,1,Michigan,Las Vegas Raiders
Jack Bech,18,WR,ACT,73,214,R,TCU,Las Vegas Raiders
Jacob Bobenmoyer,50,LS,ACT,72,235,6,Northern Colorado,Las Vegas Raiders
Anthony Booker,73,DT,ACT,75,347,R,SMU,Las Vegas Raiders
Thomas Booker,47,DT,ACT,75,301,3,Stanford,Las Vegas Raiders
Brock Bowers,89,TE,ACT,75,235,2,Georgia,Las Vegas Raiders
Adam Butler,69,DT,ACT,77,300,8,Vanderbilt,Las Vegas Raiders
Marquez Callaway,15,WR,ACT,74,204,4,Tennessee,Las Vegas Raiders
Alex Cappa,65,G,ACT,77,308,8,Humboldt State,Las Vegas Raiders
Daniel Carlson,8,K,ACT,77,222,8,Auburn,Las Vegas Raiders
Zachary Carter,93,DT,ACT,76,301,4,Florida,Las Vegas Raiders
Andre Carter II,99,DE,ACT,78,256,2,Army,Las Vegas Raiders
Jeremy Chinn,11,SAF,ACT,75,220,6,Southern Illinois,Las Vegas Raiders
Hudson Clark,38,SAF,ACT,72,189,R,Arkansas,Las Vegas Raiders
Parker Clements,70,OT,ACT,78,295,R,Virginia Tech,Las Vegas Raiders
Keondre Coburn,75,DT,ACT,74,332,3,Texas,Las Vegas Raiders
AJ Cole,6,P,ACT,76,220,7,N.C. State,Las Vegas Raiders
Chris Collier,33,RB,ACT,70,203,2,University of Lock Haven,Las Vegas Raiders
Maxx Crosby,98,DE,ACT,77,255,7,Eastern Michigan,Las Vegas Raiders
Phillip Dorsett,13,WR,ACT,70,185,9,Miami,Las Vegas Raiders
Terrell Edmunds,48,S,ACT,73,217,8,Virginia Tech,Las Vegas Raiders
Tommy Eichenberg,44,LB,ACT,74,233,2,Ohio State,Las Vegas Raiders
Leki Fotu,95,DT,ACT,77,317,6,Utah,Las Vegas Raiders
Amari Gainer,53,LB,ACT,75,232,2,North Carolina,Las Vegas Raiders
DJ Glaze,71,OT,ACT,76,331,2,Maryland,Las Vegas Raiders
Charles Grant,60,OT,ACT,76,304,R,William & Mary,Las Vegas Raiders
Thomas Harper,34,SAF,ACT,70,189,2,Notre Dame,Las Vegas Raiders
Jahfari Harvey,75,DE,ACT,74,255,R,SMU,Las Vegas Raiders
Tonka Hemingway,97,DT,ACT,74,284,R,South Carolina,Las Vegas Raiders
Darnay Holmes,30,CB,ACT,70,198,6,UCLA,Las Vegas Raiders
Jarrod Hufford,64,C,ACT,75,318,R,Iowa State,Las Vegas Raiders
John Humphrey,39,CB,ACT,74,193,R,USC,Las Vegas Raiders
Qadir Ismail,84,TE,ACT,78,245,1,Samford,Las Vegas Raiders
Shedrick Jackson,4,WR,ACT,73,198,1,Auburn,Las Vegas Raiders
Ketron Jackson Jr.,85,WR,ACT,73,197,R,Baylor,Las Vegas Raiders
Ashton Jeanty,2,RB,ACT,68,208,R,Boise State,Las Vegas Raiders
Lonnie Johnson,32,SAF,ACT,74,221,7,Kentucky,Las Vegas Raiders
Collin Johnson,17,WR,ACT,77,220,5,Texas,Las Vegas Raiders
Matt Jones,42,LB,ACT,74,229,R,Baylor,Las Vegas Raiders
Jah Joyner,59,DE,ACT,76,260,R,Minnesota,Las Vegas Raiders
Kyu Kelly,36,CB,ACT,72,188,2,Stanford,Las Vegas Raiders
Malcolm Koonce,51,DE,ACT,74,243,5,Buffalo,Las Vegas Raiders
Dylan Laube,23,RB,ACT,69,204,2,New Hampshire,Las Vegas Raiders
Jonah Laulu,96,DT,ACT,77,289,2,Oklahoma,Las Vegas Raiders
Cody Lindenberg,55,LB,ACT,74,236,R,Minnesota,Las Vegas Raiders
Treven Ma'ae,68,DT,ACT,75,291,R,Baylor,Las Vegas Raiders
Atonio Mafi,56,G,ACT,75,329,2,UCLA,Las Vegas Raiders
Michael Mayer,87,TE,ACT,76,256,3,Notre Dame,Las Vegas Raiders
Sincere McCormick,28,RB,ACT,69,205,3,Texas-San Antonio,Las Vegas Raiders
Tommy Mellott,19,WR,ACT,71,206,R,Montana State,Las Vegas Raiders
Jordan Meredith,61,G,ACT,74,300,3,Western Kentucky,Las Vegas Raiders
Jakobi Meyers,16,WR,ACT,73,193,7,N.C. State,Las Vegas Raiders
Cam Miller,5,QB,ACT,72,211,R,North Dakota State,Las Vegas Raiders
Kolton Miller,74,OT,ACT,80,325,8,UCLA,Las Vegas Raiders
Raheem Mostert,31,RB,ACT,70,212,11,Purdue,Las Vegas Raiders
Thayer Munford Jr.,77,OT,ACT,77,354,4,Ohio State,Las Vegas Raiders
Aidan O'Connell,12,QB,ACT,75,206,3,Purdue,Las Vegas Raiders
Ovie Oghoufo,90,DE,ACT,74,239,1,LSU,Las Vegas Raiders
Albert Okwuegbunam,86,TE,ACT,77,258,6,Missouri,Las Vegas Raiders
Dylan Parham,66,G,ACT,74,332,4,Memphis,Las Vegas Raiders
JJ Pegues,92,DT,ACT,74,311,R,Mississippi,Las Vegas Raiders
Isaiah Pola-Mao,20,SAF,ACT,76,205,4,USC,Las Vegas Raiders
Darien Porter,26,CB,ACT,74,195,R,Iowa State,Las Vegas Raiders
Jackson Powers-Johnson,58,C,ACT,75,325,2,Oregon,Las Vegas Raiders
Germaine Pratt,57,LB,ACT,75,250,7,N.C. State,Las Vegas Raiders
Will Putnam,67,C,ACT,76,301,1,Clemson,Las Vegas Raiders
Decamerion Richardson,25,CB,ACT,74,192,2,Mississippi State,Las Vegas Raiders
Elandon Roberts,52,OLB,ACT,71,235,10,Houston,Las Vegas Raiders
Caleb Rogers,76,G,ACT,76,312,R,Texas Tech,Las Vegas Raiders
Carter Runyon,46,TE,ACT,76,246,R,Towson,Las Vegas Raiders
Justin Shorter,88,WR,ACT,76,227,3,Florida,Las Vegas Raiders
Geno Smith,7,QB,ACT,75,221,13,West Virginia,Las Vegas Raiders
Jaylon Smith,54,MLB,ACT,74,244,7,Notre Dame,Las Vegas Raiders
Chris Smith II,29,S,ACT,70,197,3,Georgia,Las Vegas Raiders
Charles Snowden,49,DE,ACT,78,250,2,Virginia,Las Vegas Raiders
Eric Stokes,22,CB,ACT,72,194,5,Georgia,Las Vegas Raiders
Laki Tasi,79,OL,ACT,78,373,R,"",Las Vegas Raiders
Trey Taylor,37,SAF,ACT,72,205,2,Air Force,Las Vegas Raiders
Ian Thomas,80,TE,ACT,75,253,8,Indiana,Las Vegas Raiders
Dont'e Thornton Jr.,10,WR,ACT,77,205,R,Tennessee,Las Vegas Raiders
Tre Tucker,1,WR,ACT,68,182,3,Cincinnati,Las Vegas Raiders
Greedy Vance,41,CB,ACT,69,177,R,USC,Las Vegas Raiders
Dalton Wagner,78,OT,ACT,80,320,2,Arkansas,Las Vegas Raiders
Sam Webb,27,CB,ACT,72,194,3,Missouri Western,Las Vegas Raiders
Devin White,45,LB,ACT,72,252,7,LSU,Las Vegas Raiders
Zamir White,3,RB,ACT,71,227,4,Georgia,Las Vegas Raiders
Seth Williams,83,WR,CUT,75,211,1,Auburn,Las Vegas Raiders
Tyree Wilson,9,DE,ACT,77,263,3,Texas Tech,Las Vegas Raiders
JT Woods,40,SAF,ACT,74,195,3,Baylor,Las Vegas Raiders
Keenan Allen,13,WR,ACT,74,211,13,California,Los Angeles Chargers
Joe Alt,76,OT,ACT,80,322,2,Notre Dame,Los Angeles Chargers
Karsen Barnhart,61,G,ACT,77,316,1,Michigan,Los Angeles Chargers
Mekhi Becton,73,G,ACT,79,363,6,Louisville,Los Angeles Chargers
Bradley Bozeman,75,C,ACT,77,325,8,Alabama,Los Angeles Chargers
Trikweze Bridges,31,CB,ACT,74,200,R,Florida,Los Angeles Chargers
Jamaree Caldwell,99,DT,ACT,73,340,R,Oregon,Los Angeles Chargers
Dalevon Campbell,38,WR,ACT,76,220,R,South Carolina,Los Angeles Chargers
McCallan Castles,46,TE,TRC,77,252,1,Tennessee,Los Angeles Chargers
Junior Colson,25,LB,ACT,75,247,2,Michigan,Los Angeles Chargers
Tyler Conklin,83,TE,ACT,75,248,8,Central Michigan,Los Angeles Chargers
Derius Davis,12,WR,ACT,68,165,3,TCU,Los Angeles Chargers
Cameron Dicker,11,K,ACT,73,216,4,Texas,Los Angeles Chargers
Will Dissly,89,TE,ACT,76,265,8,Washington,Los Angeles Chargers
Bud Dupree,48,OLB,ACT,76,269,11,Kentucky,Los Angeles Chargers
Troy Dye,43,LB,ACT,75,225,6,Oregon,Los Angeles Chargers
Justin Eboigbe,92,DT,ACT,77,292,2,Alabama,Los Angeles Chargers
TeRah Edwards,94,DT,ACT,74,305,R,Illinois,Los Angeles Chargers
Tucker Fisk,42,TE,ACT,76,285,2,Stanford,Los Angeles Chargers
Dez Fitzpatrick,87,WR,CUT,74,208,2,Louisville,Los Angeles Chargers
Josh Fuga,69,DT,RES,74,313,R,Virginia Tech,Los Angeles Chargers
Oronde Gadsden II,86,TE,ACT,77,236,R,Syracuse,Los Angeles Chargers
Alohi Gilman,32,SAF,ACT,70,201,6,Notre Dame,Los Angeles Chargers
Luke Grimm,37,WR,ACT,72,190,R,Kansas,Los Angeles Chargers
Kylan Guidry,59,OLB,ACT,76,240,R,Western Kentucky,Los Angeles Chargers
Omarion Hampton,8,RB,ACT,72,220,R,North Carolina,Los Angeles Chargers
Da'Shawn Hand,91,DE,ACT,75,302,8,Alabama,Los Angeles Chargers
Harrison Hand,"",CB,ACT,71,185,4,Temple,Los Angeles Chargers
Josh Harris,47,LS,ACT,73,224,14,Auburn,Los Angeles Chargers
Najee Harris,22,RB,ACT,73,242,5,Alabama,Los Angeles Chargers
Tre Harris,9,WR,ACT,75,210,R,Mississippi,Los Angeles Chargers
Cam Hart,20,CB,ACT,74,207,2,Notre Dame,Los Angeles Chargers
Hassan Haskins,28,RB,ACT,74,228,4,Michigan,Los Angeles Chargers
Taylor Heinicke,4,QB,ACT,73,210,8,Old Dominion,Los Angeles Chargers
Daiyan Henley,"",LB,ACT,73,225,3,Washington State,Los Angeles Chargers
Justin Herbert,10,QB,ACT,78,236,6,Oregon,Los Angeles Chargers
Nyheim Hines,31,RB,ACT,69,196,6,N.C. State,Los Angeles Chargers
Christopher Hinton,98,DL,ACT,76,310,2,Michigan,Los Angeles Chargers
Donte Jackson,26,CB,ACT,70,180,7,LSU,Los Angeles Chargers
JaQuae Jackson,27,WR,ACT,73,184,2,Rutgers,Los Angeles Chargers
Andre James,78,C,ACT,76,300,7,UCLA,Los Angeles Chargers
Derwin James,3,FS,ACT,74,215,8,Florida State,Los Angeles Chargers
Tony Jefferson,23,S,ACT,71,211,11,Oklahoma,Los Angeles Chargers
Emany Johnson,38,SAF,ACT,74,218,1,Nevada,Los Angeles Chargers
Jaylen Johnson,39,WR,ACT,74,194,1,East Carolina,Los Angeles Chargers
Zion Johnson,77,G,ACT,75,316,4,Boston College,Los Angeles Chargers
Quentin Johnston,1,WR,ACT,74,208,3,TCU,Los Angeles Chargers
Jaylen Jones,35,SAF,ACT,73,203,R,Virginia Tech,Los Angeles Chargers
Naquan Jones,96,DT,ACT,75,313,5,Michigan State,Los Angeles Chargers
Nash Jones,62,G,ACT,77,320,R,Texas State-San Marcos,Los Angeles Chargers
Josh Kaltenberger,63,C,ACT,78,308,R,Maryland,Los Angeles Chargers
Kyle Kennard,54,LB,ACT,77,254,R,South Carolina,Los Angeles Chargers
Stevo Klotz,41,TE,ACT,76,260,R,Iowa State,Los Angeles Chargers
KeAndre Lambert-Smith,84,WR,ACT,73,182,R,Auburn,Los Angeles Chargers
Trey Lance,5,QB,ACT,76,226,5,North Dakota State,Los Angeles Chargers
Deane Leonard,33,CB,ACT,72,195,4,Mississippi,Los Angeles Chargers
Khalil Mack,52,OLB,ACT,75,269,12,Buffalo,Los Angeles Chargers
Scott Matlock,44,DT,ACT,76,296,3,Boise State,Los Angeles Chargers
Kana'i Mauga,56,ILB,ACT,74,245,3,USC,Los Angeles Chargers
Ladd McConkey,15,WR,ACT,72,185,2,Georgia,Los Angeles Chargers
R.J. Mickens,27,SAF,ACT,72,210,R,Clemson,Los Angeles Chargers
Elijah Molden,2,CB,ACT,70,191,5,Washington,Los Angeles Chargers
Tre'Mon Morris-Brash,57,LB,ACT,74,245,1,UCF,Los Angeles Chargers
Caleb Murphy,50,LB,ACT,75,254,3,Ferris State,Los Angeles Chargers
Ryan Nelson,74,OT,ACT,78,315,1,Virginia,Los Angeles Chargers
Otito Ogbonnia,93,DT,ACT,76,320,4,UCLA,Los Angeles Chargers
Jordan Oladokun,37,CB,RES,72,190,R,Bowling Green,Los Angeles Chargers
Jaret Patterson,34,RB,ACT,68,195,2,Buffalo,Los Angeles Chargers
Denzel Perryman,6,MLB,ACT,71,240,11,Miami,Los Angeles Chargers
Jordan Petaia,49,TE,CUT,75,227,R,"",Los Angeles Chargers
Del'Shawn Phillips,53,LB,ACT,74,230,6,Illinois,Los Angeles Chargers
Trey Pipkins,79,OT,ACT,78,307,7,Sioux Falls,Los Angeles Chargers
Myles Purchase,49,CB,ACT,71,205,R,Iowa State,Los Angeles Chargers
Garmon Randolph,97,LB,ACT,80,260,R,Baylor,Los Angeles Chargers
Jalen Reagor,88,WR,ACT,71,197,6,TCU,Los Angeles Chargers
Nikko Reed,46,CB,ACT,70,180,R,Oregon,Los Angeles Chargers
Brenden Rice,82,WR,ACT,75,210,2,USC,Los Angeles Chargers
Eric Rogers,39,CB,ACT,74,189,R,Rutgers,Los Angeles Chargers
Jamaree Salyer,68,G,ACT,76,325,4,Georgia,Los Angeles Chargers
Raheim Sanders,35,RB,ACT,72,230,R,South Carolina,Los Angeles Chargers
J.K. Scott,16,P,ACT,77,208,7,Alabama,Los Angeles Chargers
David Sharpe,72,OT,ACT,78,343,6,Florida,Los Angeles Chargers
Nehemiah Shelton,41,CB,ACT,74,185,1,San Jose State,Los Angeles Chargers
Nesta Jade Silvera,60,DT,ACT,74,315,3,Arizona State,Los Angeles Chargers
Rashawn Slater,70,OT,RES,76,315,5,Northwestern,Los Angeles Chargers
Corey Stewart,65,OT,ACT,78,318,R,Purdue,Los Angeles Chargers
Tarheeb Still,29,CB,ACT,73,196,2,Maryland,Los Angeles Chargers
Benjamin St-Juste,24,CB,ACT,75,200,5,Minnesota,Los Angeles Chargers
Teair Tart,90,DT,ACT,74,315,6,Florida International,Los Angeles Chargers
Branson Taylor,71,G,ACT,78,330,R,Pittsburgh,Los Angeles Chargers
Ja'Sir Taylor,36,CB,ACT,70,185,4,Wake Forest,Los Angeles Chargers
Tuli Tuipulotu,45,LB,ACT,75,266,3,USC,Los Angeles Chargers
DJ Uiagalelei,13,QB,ACT,76,252,R,Florida State,Los Angeles Chargers
Kimani Vidal,30,RB,ACT,68,215,2,Troy,Los Angeles Chargers
Savion Washington,67,OT,PUP,81,340,R,Syracuse,Los Angeles Chargers
Marlowe Wax,58,LB,ACT,73,236,R,Syracuse,Los Angeles Chargers
Mike Williams,81,WR,NWT,76,218,9,Clemson,Los Angeles Chargers
Kendall Williamson,40,SAF,ACT,72,203,1,Stanford,Los Angeles Chargers
Thomas Yassmin,49,TE,ACT,77,251,1,Utah,Los Angeles Chargers
De'Von Achane,28,RB,ACT,69,191,3,Texas A&M,Miami Dolphins
BJ Adams,45,CB,ACT,75,190,R,UCF,Miami Dolphins
Andrew Armstrong,19,WR,ACT,76,210,R,Arkansas,Miami Dolphins
Cornell Armstrong,26,DB,ACT,72,185,5,Southern Mississippi,Miami Dolphins
Eugene Asante,51,LB,ACT,73,226,R,Auburn,Miami Dolphins
Jake Bailey,16,P,ACT,74,212,7,Stanford,Miami Dolphins
Monaray Baldwin,48,WR,CUT,69,170,R,Baylor,Miami Dolphins
Quinton Bell,56,LB,ACT,76,258,4,Prairie View A&M,Miami Dolphins
Zeek Biggers,93,DT,ACT,78,319,R,Georgia Tech,Miami Dolphins
Tarik Black,86,WR,CUT,75,213,1,Texas,Miami Dolphins
Ethan Bonner,27,CB,ACT,73,190,2,Stanford,Miami Dolphins
Mike Boone,16,RB,ACT,70,206,8,Cincinnati,Miami Dolphins
Larry Borom,79,G,ACT,77,325,5,Missouri,Miami Dolphins
Aaron Brewer,55,C,ACT,73,295,6,Texas State-San Marcos,Miami Dolphins
K.J. Britt,3,LB,ACT,72,240,5,Auburn,Miami Dolphins
Jordyn Brooks,20,LB,ACT,72,240,6,Texas Tech,Miami Dolphins
Mason Brooks,63,G,ACT,78,315,1,Mississippi,Miami Dolphins
Pharaoh Brown,85,TE,ACT,77,260,8,Oregon,Miami Dolphins
Daniel Brunskill,64,OT,ACT,77,300,7,San Diego State,Miami Dolphins
Artie Burns,23,CB,RES,72,187,10,Miami,Miami Dolphins
Matthew Butler,91,DT,ACT,75,305,3,Tennessee,Miami Dolphins
Yodny Cajuste,"",OT,RES,77,310,5,West Virginia,Miami Dolphins
Elijah Campbell,22,DB,ACT,71,200,6,Northern Iowa,Miami Dolphins
Joe Cardona,67,LS,ACT,74,241,11,Navy,Miami Dolphins
Jackson Carman,76,OT,ACT,77,325,5,Clemson,Miami Dolphins
Bradley Chubb,2,OLB,ACT,76,268,8,N.C. State,Miami Dolphins
Jordan Colbert,34,SAF,ACT,74,218,1,Rhode Island,Miami Dolphins
Tanner Conner,80,TE,ACT,75,237,3,Idaho State,Miami Dolphins
Jalin Conyers,47,TE,RES,76,265,R,Texas Tech,Miami Dolphins
Braeden Daniels,66,G,ACT,76,305,2,Utah,Miami Dolphins
James Daniels,78,G,ACT,76,320,8,Iowa,Miami Dolphins
Cameron Dantzler,47,CB,ACT,74,188,5,Mississippi State,Miami Dolphins
Ashtyn Davis,21,SAF,ACT,73,205,6,California,Miami Dolphins
Matt Dickerson,98,DE,ACT,77,300,5,UCLA,Miami Dolphins
Tyrel Dodson,11,LB,ACT,72,237,6,Texas A&M,Miami Dolphins
Storm Duck,36,CB,ACT,72,195,2,Louisville,Miami Dolphins
Liam Eichenberg,74,OT,ACT,78,302,5,Notre Dame,Miami Dolphins
Dee Eskridge,82,WR,ACT,69,190,5,Western Michigan,Miami Dolphins
Quinn Ewers,14,QB,ACT,74,209,R,Texas,Miami Dolphins
Obinna Eze,"",OT,RES,78,325,1,TCU,Miami Dolphins
Erik Ezukanma,84,WR,ACT,74,210,3,Texas Tech,Miami Dolphins
Minkah Fitzpatrick,29,FS,ACT,73,207,8,Alabama,Miami Dolphins
Willie Gay Jr.,40,LB,ACT,73,246,6,Mississippi State,Miami Dolphins
Cameron Goode,53,LB,ACT,75,245,3,California,Miami Dolphins
Ollie Gordon II,31,RB,ACT,74,225,R,Oklahoma State,Miami Dolphins
Kenneth Grant,90,DT,ACT,75,335,R,Michigan,Miami Dolphins
Ryan Hayes,77,OT,ACT,78,303,1,Michigan,Miami Dolphins
A.J. Henning,88,WR,ACT,70,192,R,Northwestern,Miami Dolphins
Julian Hill,89,TE,ACT,76,251,3,Campbell University,Miami Dolphins
Tyreek Hill,10,WR,ACT,70,191,10,West Alabama,Miami Dolphins
Mike Hilton,38,CB,ACT,69,184,9,Mississippi,Miami Dolphins
Alex Huntley,96,DT,ACT,76,298,R,South Carolina,Miami Dolphins
Germain Ifedi,62,OT,RES,77,325,10,Texas A&M,Miami Dolphins
Alec Ingold,30,FB,ACT,73,232,7,Wisconsin,Miami Dolphins
Austin Jackson,73,OT,ACT,77,315,6,USC,Miami Dolphins
Dequan Jackson,57,LB,ACT,73,235,1,Colorado State,Miami Dolphins
Isaiah Johnson,37,CB,ACT,75,205,1,Syracuse,Miami Dolphins
Benito Jones,95,DT,ACT,73,335,5,Mississippi,Miami Dolphins
Jack Jones,23,CB,ACT,71,175,4,Arizona State,Miami Dolphins
Matthew Judon,8,OLB,ACT,75,265,10,Grand Valley,Miami Dolphins
Mohamed Kamara,50,LB,ACT,73,253,2,Colorado State,Miami Dolphins
Kader Kohou,4,CB,RES,70,197,4,East Texas A&M,Miami Dolphins
Jason Maitre,43,CB,RES,70,188,1,Wisconsin,Miami Dolphins
Jason Marshall Jr.,33,CB,ACT,72,204,R,Florida,Miami Dolphins
Bayron Matos,70,OT,ACT,79,334,1,University of South Florida,Miami Dolphins
Alexander Mattison,8,RB,RES,71,220,7,Boise State,Miami Dolphins
Jalen McKenzie,75,OT,ACT,77,315,1,USC,Miami Dolphins
Derrick McLendon,59,LB,ACT,76,250,1,Colorado,Miami Dolphins
Patrick McMorris,32,SAF,ACT,72,206,2,California,Miami Dolphins
Ifeatu Melifonwu,9,SAF,ACT,75,210,5,Syracuse,Miami Dolphins
Andrew Meyer,60,OL,ACT,75,295,2,Texas-El Paso,Miami Dolphins
Grayson Murphy,42,LB,ACT,74,255,2,UCLA,Miami Dolphins
Chris Myarick,43,TE,ACT,77,261,4,Temple,Miami Dolphins
Patrick Paul,52,OT,ACT,79,326,2,Houston,Miami Dolphins
Jaelan Phillips,15,LB,ACT,77,263,5,Miami,Miami Dolphins
Jordan Phillips,94,DT,ACT,75,305,R,Maryland,Miami Dolphins
Josh Priebe,68,G,ACT,77,305,R,Michigan,Miami Dolphins
Chop Robinson,44,LB,ACT,75,254,2,Penn State,Miami Dolphins
Ethan Robinson,46,CB,ACT,72,195,R,Minnesota,Miami Dolphins
Hayden Rucci,87,TE,ACT,77,247,1,Wisconsin,Miami Dolphins
Jason Sanders,7,K,ACT,71,195,8,New Mexico,Miami Dolphins
John Saunders Jr.,35,SAF,ACT,74,210,R,Mississippi,Miami Dolphins
Jonah Savaiinaea,72,OT,ACT,77,326,R,Arizona,Miami Dolphins
Aaron Shampklin,48,RB,ACT,70,195,1,Harvard,Miami Dolphins
Kendall Sheffield,14,CB,ACT,71,200,5,Ohio State,Miami Dolphins
Zach Sieler,92,DT,ACT,78,300,8,Ferris State,Miami Dolphins
Cam Smith,24,CB,ACT,73,186,3,South Carolina,Miami Dolphins
Kion Smith,71,OT,ACT,77,300,3,Fayetteville State University,Miami Dolphins
Ben Stille,97,DE,ACT,76,296,3,Nebraska,Miami Dolphins
Ryan Stonehouse,49,P,CUT,70,200,4,Colorado State,Miami Dolphins
Tua Tagovailoa,1,QB,ACT,73,225,6,Alabama,Miami Dolphins
Channing Tindall,41,LB,ACT,74,236,4,Georgia,Miami Dolphins
Dante Trader Jr.,25,SAF,ACT,71,202,R,Maryland,Miami Dolphins
Jaylen Waddle,17,WR,ACT,70,185,5,Alabama,Miami Dolphins
Darren Waller,83,TE,ACT,78,238,8,Georgia Tech,Miami Dolphins
Malik Washington,6,WR,ACT,68,195,2,Virginia,Miami Dolphins
Tahj Washington,7,WR,ACT,70,175,2,USC,Miami Dolphins
Theo Wease Jr.,81,WR,ACT,74,210,R,Missouri,Miami Dolphins
Addison West,65,G,ACT,75,305,R,Western Michigan,Miami Dolphins
Nick Westbrook-Ikhine,18,WR,ACT,74,211,6,Indiana,Miami Dolphins
Zach Wilson,"",QB,ACT,74,214,5,BYU,Miami Dolphins
Jaylen Wright,5,RB,ACT,70,208,2,Tennessee,Miami Dolphins
Julian Ashby,47,LS,ACT,73,231,R,Vanderbilt,New England Patriots
Alex Austin,28,CB,ACT,73,191,3,Oregon State,New England Patriots
Tre Avery,"",CB,TRC,71,181,4,Rutgers,New England Patriots
Javon Baker,6,WR,ACT,73,202,2,UCF,New England Patriots
Bryce Baringer,17,P,ACT,74,215,3,Michigan State,New England Patriots
Christian Barmore,90,DT,ACT,77,315,5,Alabama,New England Patriots
Miles Battle,35,CB,ACT,75,197,1,Utah,New England Patriots
Jaheim Bell,88,TE,CUT,74,241,2,Florida State,New England Patriots
Micah Bernard,"",RB,CUT,70,206,R,Utah,New England Patriots
Philip Blidi,"",DT,CUT,75,297,R,Auburn,New England Patriots
Isaiah Bolden,29,CB,CUT,74,205,3,Jackson State University,New England Patriots
Andy Borregales,36,K,ACT,71,202,R,Miami,New England Patriots
Kendrick Bourne,84,WR,ACT,73,205,9,Eastern Washington,New England Patriots
Kayshon Boutte,9,WR,ACT,71,197,3,LSU,New England Patriots
Garrett Bradbury,65,C,ACT,75,300,7,N.C. State,New England Patriots
Ben Brown,77,C,ACT,77,312,3,Mississippi,New England Patriots
Marcus Bryant,52,OT,ACT,79,320,R,Missouri,New England Patriots
Mehki Butler,63,G,ACT,75,310,R,Arkansas State,New England Patriots
Will Campbell,66,OT,ACT,78,319,R,LSU,New England Patriots
K'Lavon Chaisson,44,LB,ACT,75,255,6,LSU,New England Patriots
Efton Chism III,86,WR,ACT,70,198,R,Eastern Washington,New England Patriots
Jack Conley,74,G,ACT,79,333,R,Boston College,New England Patriots
Brandon Crossley,37,CB,ACT,71,185,R,SMU,New England Patriots
Carlton Davis III,7,CB,ACT,73,206,7,Auburn,New England Patriots
Marcellas Dial Jr.,27,CB,RES,72,190,2,South Carolina,New England Patriots
Stefon Diggs,8,WR,ACT,72,191,11,Maryland,New England Patriots
CJ Dippre,82,TE,ACT,77,256,R,Alabama,New England Patriots
Joshua Dobbs,11,QB,ACT,75,220,9,Tennessee,New England Patriots
DeMario Douglas,3,WR,ACT,68,192,3,Liberty,New England Patriots
Kyle Dugger,36,SAF,ACT,73,216,6,Lenoir Rhyne,New England Patriots
Yasir Durant,72,OT,RES,78,330,3,Missouri,New England Patriots
Christian Elliss,53,LB,ACT,74,231,4,Idaho,New England Patriots
Marcus Epps,22,SAF,ACT,72,195,7,Wyoming,New England Patriots
Joshua Farmer,92,DT,ACT,75,312,R,Florida State,New England Patriots
Cole Fotheringham,49,TE,CUT,76,245,3,Utah,New England Patriots
Bryce Ganious,"",DT,CUT,74,281,R,Wake Forest,New England Patriots
Jack Gibbens,51,LB,ACT,75,242,3,Minnesota,New England Patriots
Antonio Gibson,4,RB,ACT,72,228,6,Memphis,New England Patriots
Christian Gonzalez,"",CB,ACT,73,205,3,Oregon,New England Patriots
JaMycal Hasty,39,RB,ACT,68,205,6,Baylor,New England Patriots
Jaylinn Hawkins,21,SAF,ACT,73,208,6,California,New England Patriots
TreVeyon Henderson,32,RB,ACT,70,202,R,Ohio State,New England Patriots
Hunter Henry,85,TE,ACT,77,249,10,Arkansas,New England Patriots
Mack Hollins,13,WR,ACT,76,221,9,North Carolina,New England Patriots
Austin Hooper,81,TE,ACT,76,254,10,Stanford,New England Patriots
Isaiah Iton,68,DT,RES,74,277,1,Rutgers,New England Patriots
Demontrey Jacobs,75,OT,ACT,78,315,2,South Florida Community College,New England Patriots
DJ James,30,CB,ACT,72,184,1,Auburn,New England Patriots
Anfernee Jennings,33,LB,ACT,75,255,6,Alabama,New England Patriots
Terrell Jennings,26,RB,ACT,72,217,1,Florida A&M,New England Patriots
John Jiles,83,WR,ACT,75,220,1,University of West Florida,New England Patriots
Marcus Jones,25,CB,ACT,68,188,4,Houston,New England Patriots
Truman Jones,54,DE,ACT,75,255,1,Harvard,New England Patriots
Brock Lampe,46,RB,RES,73,249,R,Northern Illinois,New England Patriots
Harold Landry III,2,LB,ACT,74,252,8,Boston College,New England Patriots
Lan Larison,34,RB,RES,71,209,R,UC Davis,New England Patriots
Alec Lindstrom,61,C,ACT,75,300,1,Boston College,New England Patriots
Vederian Lowe,59,OT,ACT,77,315,4,Illinois,New England Patriots
Phil Lutz,16,WR,CUT,72,195,R,Delaware,New England Patriots
Marte Mapu,15,LB,ACT,75,230,3,Sacramento State,New England Patriots
Drake Maye,10,QB,ACT,76,225,2,North Carolina,New England Patriots
Josh Minkins,16,SAF,CUT,74,207,R,Cincinnati,New England Patriots
Kobee Minor,19,DB,ACT,71,188,R,Memphis,New England Patriots
Morgan Moses,76,OT,ACT,78,320,12,Virginia,New England Patriots
R.J. Moten,46,LB,CUT,72,224,R,Florida,New England Patriots
David Olajiga,96,DT,ACT,75,310,1,Central Missouri,New England Patriots
Mike Onwenu,71,G,ACT,75,350,6,Michigan,New England Patriots
Kyle Peko,72,NT,CUT,73,305,7,Oregon State,New England Patriots
Jabrill Peppers,5,FS,ACT,71,217,9,Michigan,New England Patriots
Dell Pettus,24,SAF,ACT,71,200,2,Troy,New England Patriots
Jeremiah Pharms Jr.,98,DE,ACT,75,300,3,Friends U.,New England Patriots
Ja'Lynn Polk,1,WR,ACT,73,203,2,Washington,New England Patriots
Jordan Polk,39,CB,CUT,71,189,R,Texas State-San Marcos,New England Patriots
Elijah Ponder,91,LB,ACT,75,261,R,Cal Poly (San Luis Obispo),New England Patriots
Deneric Prince,"",RB,RES,72,216,1,Tulsa,New England Patriots
Monty Rice,45,LB,CUT,72,233,4,Georgia,New England Patriots
Cam Riley,42,LB,ACT,76,228,R,Florida State,New England Patriots
Jahvaree Ritzie,93,DT,ACT,76,294,R,North Carolina,New England Patriots
Jereme Robinson,"",DT,TRC,75,263,R,Kansas,New England Patriots
Layden Robinson,64,G,ACT,75,311,2,Texas A&M,New England Patriots
Tyrese Robinson,55,G,CUT,75,319,2,Oklahoma,New England Patriots
John Parker Romo,37,K,ACT,71,190,1,Virginia Tech,New England Patriots
Jaquelin Roy,94,DT,RES,75,305,3,LSU,New England Patriots
Brenden Schooler,41,SAF,ACT,73,210,4,Texas,New England Patriots
Gee Scott Jr.,80,TE,ACT,75,240,R,Ohio State,New England Patriots
Sidy Sow,62,G,CUT,77,318,3,Eastern Michigan,New England Patriots
Robert Spillane,14,LB,ACT,73,229,7,Western Michigan,New England Patriots
Rhamondre Stevenson,38,RB,ACT,72,227,5,Oklahoma,New England Patriots
Cole Strange,69,G,ACT,77,310,4,Tennessee-Chattanooga,New England Patriots
Bradyn Swinson,43,LB,ACT,76,255,R,LSU,New England Patriots
Jahlani Tavai,48,LB,ACT,74,255,7,Hawaii,New England Patriots
Khyiris Tonga,95,DT,ACT,74,335,5,BYU,New England Patriots
Caedan Wallace,70,OT,ACT,77,314,2,Penn State,New England Patriots
Shane Watts,30,RB,CUT,69,195,R,Fort Hays,New England Patriots
Jeremiah Webb,29,WR,ACT,71,198,R,South Alabama,New England Patriots
Jack Westover,87,TE,ACT,74,245,1,Washington,New England Patriots
Keion White,99,DE,ACT,77,285,3,Georgia Tech,New England Patriots
Kyle Williams,18,WR,ACT,71,190,R,Washington State,New England Patriots
Milton Williams,97,DE,ACT,75,290,5,Louisiana Tech,New England Patriots
Jared Wilson,58,C,ACT,75,310,R,Georgia,New England Patriots
Craig Woodson,31,SAF,ACT,72,200,R,California,New England Patriots
Ben Wooldridge,17,QB,CUT,74,214,R,Louisiana,New England Patriots
Tony Adams,22,SAF,ACT,71,203,4,Illinois,New York Jets
Braelon Allen,"",RB,ACT,73,235,2,Wisconsin,New York Jets
Zaire Barnes,53,LB,ACT,73,227,3,Western Michigan,New York Jets
Tyler Baron,94,DE,ACT,76,258,R,Miami,New York Jets
Andrew Beck,47,RB,ACT,75,255,6,Texas,New York Jets
Jarrick Bernard-Converse,29,CB,ACT,73,205,3,LSU,New York Jets
Kris Boyd,17,CB,RES,71,200,7,Texas,New York Jets
Jowon Briggs,"",DT,ACT,73,313,2,Cincinnati,New York Jets
Michael Carter II,30,CB,ACT,70,184,5,Duke,New York Jets
Irvin Charles,19,WR,ACT,76,219,3,"Indiana PA,  University of",New York Jets
Andre Cisco,8,SAF,ACT,72,210,5,Syracuse,New York Jets
Dean Clark,35,SAF,ACT,72,208,R,Fresno State,New York Jets
Jordan Clark,33,CB,ACT,69,184,R,Notre Dame,New York Jets
Micheal Clemons,72,DE,ACT,77,263,4,Texas A&M,New York Jets
Brady Cook,4,QB,ACT,74,215,R,Missouri,New York Jets
Ryan Cooper Jr.,46,DB,RES,71,192,1,Oregon State,New York Jets
Malachi Corley,6,WR,ACT,71,215,2,Western Kentucky,New York Jets
Byron Cowart,93,DT,ACT,75,300,5,Maryland,New York Jets
Isaiah Davis,32,RB,ACT,73,220,2,South Dakota State,New York Jets
Jamin Davis,52,LB,ACT,76,234,5,Kentucky,New York Jets
Donovan Edwards,40,RB,ACT,71,205,R,Michigan,New York Jets
Olumuyiwa Fashanu,74,OT,ACT,78,312,2,Penn State,New York Jets
Justin Fields,7,QB,ACT,75,227,5,Ohio State,New York Jets
Michael Fletcher,77,DE,ACT,78,275,R,Appalachian State,New York Jets
Nick Folk,18,K,ACT,73,222,18,Arizona,New York Jets
Liam Fornadel,50,OT,ACT,76,312,1,James Madison,New York Jets
Sauce Gardner,1,CB,ACT,75,190,4,Cincinnati,New York Jets
Xavier Gipson,3,WR,ACT,69,189,3,Stephen F. Austin State,New York Jets
Mario Goodrich,43,CB,ACT,72,186,2,Clemson,New York Jets
Breece Hall,20,RB,ACT,71,217,4,Iowa State,New York Jets
Gus Hartwig,63,C,RES,77,309,R,Purdue,New York Jets
Marquis Hayes,78,G,ACT,77,318,2,Oklahoma,New York Jets
Thomas Hennessy,42,LS,ACT,74,246,9,Duke,New York Jets
Samuel Jackson,68,OT,ACT,78,325,1,UCF,New York Jets
Neal Johnson,86,TE,ACT,76,250,1,Louisiana,New York Jets
Tyler Johnson,16,WR,ACT,73,208,5,Minnesota,New York Jets
Jermaine Johnson II,11,LB,ACT,77,254,4,Florida State,New York Jets
Kingsley Jonathan,92,DE,ACT,76,260,3,Syracuse,New York Jets
Zack Kuntz,88,TE,ACT,79,251,1,Old Dominion,New York Jets
Allen Lazard,10,WR,ACT,77,227,7,Iowa State,New York Jets
Kohl Levao,60,OL,ACT,78,350,1,Hawaii,New York Jets
Adrian Martinez,15,QB,ACT,74,220,1,Kansas State,New York Jets
Phidarian Mathis,98,DT,CUT,76,312,4,Alabama,New York Jets
Francisco Mauigoa,51,LB,ACT,74,233,R,Miami,New York Jets
Tanner McCalister,31,SAF,ACT,71,191,1,Ohio State,New York Jets
Marcelino McCrary-Ball,41,LB,ACT,72,214,2,Indiana,New York Jets
Will McDonald IV,9,DE,ACT,76,245,3,Iowa State,New York Jets
Braiden McGregor,55,DE,ACT,78,267,2,Michigan,New York Jets
Austin McNamara,14,P,ACT,76,210,1,Texas Tech,New York Jets
Armand Membou,70,OT,ACT,76,332,R,Missouri,New York Jets
Harrison Mevis,45,K,ACT,72,245,1,Missouri,New York Jets
Dymere Miller,35,WR,ACT,70,181,R,Rutgers,New York Jets
Max Mitchell,61,OT,ACT,78,307,4,Louisiana-Lafayette,New York Jets
Jarius Monroe,25,SAF,ACT,74,205,1,Tulane,New York Jets
Malachi Moore,27,SAF,ACT,71,196,R,Alabama,New York Jets
Fatorma Mulbah,62,DT,ACT,74,309,R,West Virginia,New York Jets
Josh Myers,71,C,ACT,77,310,5,Ohio State,New York Jets
Xavier Newman-Johnson,65,G,ACT,74,297,3,Baylor,New York Jets
Derrick Nnadi,91,NT,ACT,73,317,8,Florida State,New York Jets
Kene Nwangwu,34,RB,ACT,73,210,5,Iowa State,New York Jets
Chukwuma Okorafor,79,OT,ACT,78,320,7,Western Michigan,New York Jets
Isaiah Oliver,26,CB,ACT,72,202,8,Colorado,New York Jets
Payton Page,69,DT,ACT,76,300,R,Clemson,New York Jets
Harrison Phillips,"",DT,ACT,75,307,8,Stanford,New York Jets
Jamaal Pritchett,36,WR,ACT,68,175,R,South Alabama,New York Jets
Josh Reynolds,83,WR,ACT,75,192,9,Texas A&M,New York Jets
Jeremy Ruckert,89,TE,ACT,77,250,4,Ohio State,New York Jets
Jamien Sherwood,44,LB,ACT,74,216,5,Auburn,New York Jets
John Simpson,76,G,ACT,76,330,6,Clemson,New York Jets
Jackson Sirmon,49,LB,ACT,74,240,1,California,New York Jets
Quentin Skinner,39,WR,ACT,75,203,R,Kansas,New York Jets
Stone Smartt,84,TE,ACT,76,226,4,Old Dominion,New York Jets
Aaron Smith,48,LB,ACT,74,234,R,South Carolina State,New York Jets
Arian Smith,82,WR,ACT,72,179,R,Georgia,New York Jets
Brandon Smith,87,WR,ACT,73,218,1,Iowa,New York Jets
Brandon Stephens,21,CB,ACT,73,215,5,SMU,New York Jets
Qwan'tez Stiggers,37,CB,ACT,72,197,2,"",New York Jets
Mason Taylor,85,TE,ACT,77,251,R,LSU,New York Jets
Tyrod Taylor,2,QB,ACT,73,217,15,Virginia Tech,New York Jets
Leonard Taylor III,96,DT,ACT,75,305,2,Miami,New York Jets
Azareye'h Thomas,23,CB,ACT,73,197,R,Florida State,New York Jets
Joe Tippmann,66,C,ACT,78,313,3,Wisconsin,New York Jets
Lawrance Toafili,38,RB,ACT,72,185,R,Florida State,New York Jets
Jay Tufele,97,DT,ACT,75,305,5,USC,New York Jets
Alijah Vera-Tucker,75,G,ACT,77,308,5,USC,New York Jets
Carter Warren,67,OT,ACT,77,311,3,Pittsburgh,New York Jets
Eric Watts,58,DE,ACT,77,277,2,Connecticut,New York Jets
Rashad Weaver,99,DE,RES,76,259,5,Pittsburgh,New York Jets
Ja'Markis Weston n,54,DE,ACT,74,235,R,Florida,New York Jets
Leander Wiegand,64,OT,ACT,77,302,R,UCF,New York Jets
Quinnen Williams,95,DT,ACT,75,303,7,Alabama,New York Jets
Quincy Williams,56,LB,ACT,71,230,7,Murray State,New York Jets
Garrett Wilson,5,WR,ACT,72,183,4,Ohio State,New York Jets
Pokey Wilson,81,WR,ACT,72,175,1,Florida State,New York Jets
Kam Alexander,40,CB,CUT,71,183,R,Oregon,Pittsburgh Steelers
Calvin Anderson,67,OT,ACT,77,305,7,Texas,Pittsburgh Steelers
Spencer Anderson,74,G,ACT,77,305,3,Maryland,Pittsburgh Steelers
Calvin Austin III,19,WR,ACT,69,162,4,Memphis,Pittsburgh Steelers
Kyler Baugh,65,DT,ACT,74,305,1,Minnesota,Pittsburgh Steelers
Keeanu Benton,95,DT,ACT,76,309,3,Wisconsin,Pittsburgh Steelers
Beanie Bishop Jr.,31,CB,ACT,70,184,2,West Virginia,Pittsburgh Steelers
Yahya Black,78,DE,ACT,77,330,R,Iowa,Pittsburgh Steelers
Chris Boswell,9,K,ACT,74,185,11,Rice,Pittsburgh Steelers
Carson Bruener,44,LB,ACT,74,226,R,Washington,Pittsburgh Steelers
Sebastian Castro,29,SAF,ACT,71,203,R,Iowa,Pittsburgh Steelers
Chuck Clark,21,DB,ACT,72,209,9,Virginia Tech,Pittsburgh Steelers
Dylan Cook,60,OT,ACT,78,305,3,Montana,Pittsburgh Steelers
Domenique Davis,69,DL,ACT,74,326,1,UNC Pembroke,Pittsburgh Steelers
Brandin Echols,26,CB,ACT,70,179,5,Kentucky,Pittsburgh Steelers
Daniel Ekuale,96,DT,ACT,75,310,7,Washington State,Pittsburgh Steelers
DeShon Elliott,25,SAF,ACT,73,210,8,Texas,Pittsburgh Steelers
Troy Fautanu,76,OT,ACT,76,317,2,Washington,Pittsburgh Steelers
Breiden Fehoko,79,DT,CUT,75,300,4,LSU,Pittsburgh Steelers
Kevin Foelsch,84,TE,CUT,76,250,1,University of New Haven,Pittsburgh Steelers
Zach Frazier,54,C,ACT,75,310,2,West Virginia,Pittsburgh Steelers
Pat Freiermuth,88,TE,ACT,77,258,5,Penn State,Pittsburgh Steelers
Kenneth Gainwell,14,RB,ACT,69,200,5,Memphis,Pittsburgh Steelers
JJ Galbreath,87,TE,ACT,76,231,R,South Dakota,Pittsburgh Steelers
Derrick Harmon,99,DT,ACT,76,313,R,Oregon,Pittsburgh Steelers
Devin Harper,40,LB,CUT,72,240,3,Oklahoma State,Pittsburgh Steelers
Malik Harrison,50,LB,ACT,75,255,6,Ohio State,Pittsburgh Steelers
Nick Herbig,51,LB,ACT,74,240,3,Wisconsin,Pittsburgh Steelers
Cameron Heyward,97,DT,ACT,77,295,15,Ohio State,Pittsburgh Steelers
Connor Heyward,83,TE,ACT,72,230,4,Michigan State,Pittsburgh Steelers
Alex Highsmith,56,LB,ACT,76,242,6,Charlotte,Pittsburgh Steelers
Cole Holcomb,55,LB,ACT,73,240,7,North Carolina,Pittsburgh Steelers
Will Howard,18,QB,ACT,76,235,R,Ohio State,Pittsburgh Steelers
Evan Hull,38,RB,CUT,70,209,2,Northwestern,Pittsburgh Steelers
Max Hurleman,34,RB,ACT,71,200,R,Notre Dame,Pittsburgh Steelers
D'Shawn Jamison,17,CB,ACT,70,186,2,Texas,Pittsburgh Steelers
Brandon Johnson,11,WR,ACT,74,195,3,UCF,Pittsburgh Steelers
Kaleb Johnson,20,RB,ACT,72,225,R,Iowa,Pittsburgh Steelers
Quindell Johnson,35,SAF,CUT,73,205,2,Memphis,Pittsburgh Steelers
Cameron Johnston,5,P,ACT,71,194,8,Ohio State,Pittsburgh Steelers
Broderick Jones,77,OT,ACT,77,311,3,Georgia,Pittsburgh Steelers
Steven Jones,79,G,ACT,77,342,1,Oregon,Pittsburgh Steelers
Donte Kent,34,CB,ACT,70,189,R,Central Michigan,Pittsburgh Steelers
Miles Killebrew,28,SAF,ACT,74,222,10,Southern Utah State,Pittsburgh Steelers
Christian Kuntz,46,LS,ACT,73,228,5,Duquesne,Pittsburgh Steelers
DeMarvin Leal,98,DE,ACT,76,290,4,Texas A&M,Pittsburgh Steelers
Logan Lee,91,DT,ACT,77,291,2,Iowa,Pittsburgh Steelers
Eku Leota,53,LB,ACT,76,257,2,Auburn,Pittsburgh Steelers
Isaiahh Loudermilk,92,DT,ACT,79,293,5,Wisconsin,Pittsburgh Steelers
Dean Lowry,94,DT,RES,78,296,10,Northwestern,Pittsburgh Steelers
Ryan McCollum,62,C,ACT,77,300,3,Texas A&M,Pittsburgh Steelers
Mason McCormick,66,G,ACT,77,315,2,South Dakota State,Pittsburgh Steelers
Cameron McCutcheon,38,CB,RES,73,204,1,Western Carolina,Pittsburgh Steelers
Lance McCutcheon,82,WR,ACT,75,202,2,Montana State,Pittsburgh Steelers
Kyler McMichael,37,CB,CUT,72,202,2,North Carolina,Pittsburgh Steelers
Jake McQuaide,48,LS,CUT,74,247,15,Ohio State,Pittsburgh Steelers
DK Metcalf,4,WR,ACT,76,235,7,Mississippi,Pittsburgh Steelers
Scott Miller,13,WR,ACT,69,174,7,Bowling Green,Pittsburgh Steelers
Doug Nester,72,G,CUT,78,306,1,West Virginia,Pittsburgh Steelers
Lew Nichols III,35,RB,ACT,70,220,1,Central Michigan,Pittsburgh Steelers
Esezi Otomewo,72,DT,ACT,77,282,3,Minnesota,Pittsburgh Steelers
Donald Parham,89,TE,RES,80,237,5,Stetson,Pittsburgh Steelers
Julian Pearl,69,OT,CUT,78,325,1,Illinois,Pittsburgh Steelers
Andrus Peat,68,G,ACT,79,316,11,Stanford,Pittsburgh Steelers
James Pierre,42,CB,ACT,74,185,6,Florida Atlantic,Pittsburgh Steelers
Daryl Porter,39,DB,ACT,70,185,R,Miami,Pittsburgh Steelers
Joey Porter Jr.,24,CB,ACT,74,194,3,Penn State,Pittsburgh Steelers
Patrick Queen,6,LB,ACT,72,230,6,LSU,Pittsburgh Steelers
Jalen Ramsey,5,CB,ACT,73,208,10,Florida State,Pittsburgh Steelers
Mark Robinson,93,LB,ACT,71,235,4,Mississippi,Pittsburgh Steelers
Aaron Rodgers,8,QB,ACT,74,223,21,California,Pittsburgh Steelers
Mason Rudolph,2,QB,ACT,77,235,8,Oklahoma State,Pittsburgh Steelers
Ben Sauls,29,K,ACT,70,185,R,Pittsburgh,Pittsburgh Steelers
Jack Sawyer,33,LB,ACT,76,260,R,Ohio State,Pittsburgh Steelers
Max Scharping,64,G,ACT,78,325,7,Northern Illinois,Pittsburgh Steelers
Trey Sermon,27,RB,ACT,72,215,5,Ohio State,Pittsburgh Steelers
Isaac Seumalo,73,G,ACT,76,303,10,Oregon State,Pittsburgh Steelers
Ben Skowronek,15,WR,ACT,75,224,5,Notre Dame,Pittsburgh Steelers
Jacob Slade,79,DT,RES,75,293,1,Michigan State,Pittsburgh Steelers
Darius Slay,23,CB,ACT,72,190,13,Mississippi State,Pittsburgh Steelers
Jonnu Smith,81,TE,ACT,75,248,9,Florida International,Pittsburgh Steelers
Roc Taylor,89,WR,CUT,75,215,R,Memphis,Pittsburgh Steelers
DJ Thomas-Jones,48,FB,CUT,74,256,R,South Alabama,Pittsburgh Steelers
Juan Thornhill,22,SAF,ACT,72,205,7,Virginia,Pittsburgh Steelers
Skylar Thompson,17,QB,ACT,74,210,4,Kansas State,Pittsburgh Steelers
Cory Trice Jr.,27,CB,ACT,75,206,3,Purdue,Pittsburgh Steelers
Mikey Victor,38,CB,CUT,75,209,1,Alabama State,Pittsburgh Steelers
Corliss Waitman,3,P,ACT,74,210,3,South Alabama,Pittsburgh Steelers
Gareth Warren,78,OT,RES,78,333,R,Lindenwood,Pittsburgh Steelers
Jaylen Warren,30,RB,ACT,68,215,4,Oklahoma State,Pittsburgh Steelers
Darnell Washington,80,TE,ACT,79,265,3,Georgia,Pittsburgh Steelers
T.J. Watt,90,OLB,ACT,76,252,9,Wisconsin,Pittsburgh Steelers
Julius Welschof,45,LB,ACT,78,265,1,Charlotte,Pittsburgh Steelers
Kenny Willekes,49,DE,CUT,75,264,4,Michigan State,Pittsburgh Steelers
Aiden Williams,71,G,ACT,77,311,R,Duluth/University of Minnesota,Pittsburgh Steelers
Ke'Shawn Williams,85,WR,ACT,69,186,R,Indiana,Pittsburgh Steelers
Payton Wilson,41,LB,ACT,76,242,2,N.C. State,Pittsburgh Steelers
Roman Wilson,10,WR,ACT,72,192,2,Michigan,Pittsburgh Steelers
Robert Woods,16,WR,ACT,72,193,13,USC,Pittsburgh Steelers
Logan Woodside,6,QB,CUT,74,201,5,Toledo,Pittsburgh Steelers
Brandon Allen,10,QB,ACT,74,209,9,Arkansas,Tennessee Titans
Brian Asamoah II,41,LB,ACT,72,226,4,Oklahoma,Tennessee Titans
Elic Ayomanor,5,WR,ACT,74,206,R,Stanford,Tennessee Titans
Darrell Baker Jr.,39,CB,ACT,73,190,3,Georgia Southern,Tennessee Titans
Cody Barton,50,LB,ACT,74,237,7,Utah,Tennessee Titans
Joshuah Bledsoe,42,SAF,ACT,71,207,2,Missouri,Tennessee Titans
Philip Blidi,95,DT,TRD,75,297,R,Auburn,Tennessee Titans
Tim Boyle,15,QB,CUT,76,232,7,Eastern Kentucky,Tennessee Titans
Chandler Brewer,67,OT,CUT,78,320,3,Middle Tennessee State,Tennessee Titans
Josiah Bronson,73,DT,ACT,75,295,2,Washington,Tennessee Titans
Kendell Brooks,33,SAF,ACT,72,206,1,Michigan State,Tennessee Titans
Mike Brown,44,SAF,ACT,73,218,3,Miami (Ohio),Tennessee Titans
Jarvis Brownlee Jr.,29,CB,ACT,70,194,2,Louisville,Tennessee Titans
Treylon Burks,16,WR,RES,74,225,4,Arkansas,Tennessee Titans
Amari Burney,58,LB,ACT,74,228,3,Florida,Tennessee Titans
Julius Chestnut,36,RB,ACT,71,228,4,Sacred Heart University,Tennessee Titans
Morgan Cox,46,LS,ACT,76,233,16,Tennessee,Tennessee Titans
Brandon Crenshaw-Dickson,78,OT,ACT,79,316,R,Florida,Tennessee Titans
Lloyd Cushenberry III,79,C,ACT,76,315,6,LSU,Tennessee Titans
Drake Dabney,86,TE,ACT,77,246,R,TCU,Tennessee Titans
Quandre Diggs,28,S,ACT,69,198,11,Texas,Tennessee Titans
Chimere Dike,17,WR,ACT,73,196,R,Florida,Tennessee Titans
Jaelyn Duncan,71,OT,ACT,78,306,3,Maryland,Tennessee Titans
Desmond Evans,56,LB,ACT,78,252,R,North Carolina,Tennessee Titans
Ali Gaye,99,LB,ACT,78,265,2,LSU,Tennessee Titans
Joe Gaziano,90,DE,ACT,76,280,4,Northwestern,Tennessee Titans
David Gbenda,48,LB,CUT,72,236,R,Texas,Tennessee Titans
Cedric Gray,51,LB,ACT,74,235,2,North Carolina,Tennessee Titans
Arlington Hambright,68,G,ACT,77,300,3,Colorado,Tennessee Titans
Blake Hance,73,OL,ACT,77,310,5,Northwestern,Tennessee Titans
Jaylen Harrell,92,LB,ACT,76,247,2,Michigan,Tennessee Titans
Jermari Harris,28,CB,ACT,73,191,R,Iowa,Tennessee Titans
Marcus Harris,26,CB,ACT,71,188,R,California,Tennessee Titans
Johnny Hekker,3,P,ACT,77,225,14,Oregon State,Tennessee Titans
Gunnar Helm,84,TE,ACT,77,241,R,Texas,Tennessee Titans
Amani Hooker,37,SAF,ACT,71,210,7,Iowa,Tennessee Titans
Timmy Horne,94,DT,ACT,76,323,4,Kansas State,Tennessee Titans
Cam Horsley,72,DT,ACT,75,312,R,Boston College,Tennessee Titans
Khaleke Hudson,"",LB,CUT,72,220,6,Michigan,Tennessee Titans
Jha'Quan Jackson,19,WR,ACT,69,188,2,Tulane,Tennessee Titans
Curtis Jacobs,57,LB,ACT,73,241,2,Penn State,Tennessee Titans
Brenden Jaimes,66,OT,ACT,77,300,5,Nebraska,Tennessee Titans
Jermar Jefferson,32,RB,ACT,70,215,2,Oregon State,Tennessee Titans
Van Jefferson,11,WR,ACT,73,200,6,Florida,Tennessee Titans
Gabe Jeudy-Lally,32,CB,ACT,73,189,2,Tennessee,Tennessee Titans
Dre'Mont Jones,45,LB,ACT,75,281,7,Ohio State,Tennessee Titans
Sebastian Joseph-Day,69,DE,ACT,76,310,7,Rutgers,Tennessee Titans
Arden Key,49,LB,ACT,77,240,8,LSU,Tennessee Titans
Jalen Kimber,35,CB,ACT,72,190,R,Penn State,Tennessee Titans
Mason Kinsey,12,WR,ACT,71,200,3,Berry College,Tennessee Titans
Matt Landers,83,WR,ACT,76,200,1,Arkansas,Tennessee Titans
JC Latham,55,OT,ACT,78,342,2,Alabama,Tennessee Titans
Corey Levin,62,G,ACT,76,307,7,Tennessee-Chattanooga,Tennessee Titans
Will Levis,8,QB,RES,76,229,3,Kentucky,Tennessee Titans
Clarence Lewis,36,CB,ACT,71,201,R,Syracuse,Tennessee Titans
Tyler Lockett,4,WR,ACT,70,182,11,Kansas State,Tennessee Titans
Blake Lynch,"",LB,ACT,75,225,3,Baylor,Tennessee Titans
James Lynch,97,DT,ACT,76,295,6,Baylor,Tennessee Titans
David Martin-Robinson,88,TE,ACT,75,247,2,Temple,Tennessee Titans
Roger McCreary,21,CB,ACT,71,190,4,Auburn,Tennessee Titans
Jordan Mims,24,RB,ACT,72,205,2,Fresno State,Tennessee Titans
Dan Moore Jr.,75,OT,ACT,77,315,5,Texas A&M,Tennessee Titans
Kalel Mullings,28,RB,ACT,74,226,R,Michigan,Tennessee Titans
Sam Mustipher,60,C,ACT,74,306,6,Notre Dame,Tennessee Titans
Thomas Odukoya,89,TE,ACT,78,253,2,Eastern Michigan,Tennessee Titans
John Ojukwu,61,OT,ACT,77,309,2,Boise State,Tennessee Titans
Chig Okonkwo,85,TE,ACT,75,238,4,Maryland,Tennessee Titans
Oluwafemi Oladejo,7,LB,ACT,75,259,R,UCLA,Tennessee Titans
Bryce Oliver,80,WR,ACT,73,214,2,Youngstown State,Tennessee Titans
Anfernee Orji,59,LB,RES,74,230,2,Vanderbilt,Tennessee Titans
Amani Oruwariye,42,CB,ACT,74,205,6,Penn State,Tennessee Titans
Tony Pollard,20,RB,ACT,72,209,7,Memphis,Tennessee Titans
James Proche,13,WR,ACT,71,193,7,SMU,Tennessee Titans
Isaiah Raikes,76,DT,ACT,73,310,R,Auburn,Tennessee Titans
Otis Reese,41,LB,CUT,75,214,3,Mississippi,Tennessee Titans
Xavier Restrepo,87,WR,ACT,70,202,R,Miami,Tennessee Titans
Calvin Ridley,"",WR,ACT,73,190,7,Alabama,Tennessee Titans
Davion Ross,40,CB,ACT,70,177,R,Memphis,Tennessee Titans
Andrew Rupcich,76,OT,ACT,78,318,2,Culver-Stockton College,Tennessee Titans
T.J. Sheffield,82,WR,ACT,70,188,R,Connecticut,Tennessee Titans
Trevor Siemian,15,QB,ACT,75,220,9,Northwestern,Tennessee Titans
Jeffery Simmons,98,DT,ACT,76,305,7,Mississippi State,Tennessee Titans
Peter Skoronski,77,OT,ACT,76,313,3,Northwestern,Tennessee Titans
Jackson Slater,64,G,ACT,75,311,R,Sacramento State,Tennessee Titans
Joey Slye,6,K,ACT,71,213,7,Virginia Tech,Tennessee Titans
T.J. Smith,95,DT,ACT,75,300,1,Arkansas,Tennessee Titans
L'Jarius Sneed,38,CB,ACT,73,192,6,Louisiana Tech,Tennessee Titans
Tyjae Spears,2,RB,ACT,71,195,3,Tulane,Tennessee Titans
T'Vondre Sweat,93,DT,ACT,76,366,2,Texas,Tennessee Titans
Olisaemeka Udoh,72,OT,ACT,78,320,7,Elon,Tennessee Titans
Cam Ward,1,QB,ACT,74,219,R,Miami,Tennessee Titans
Jihad Ward,53,LB,ACT,77,285,10,Illinois,Tennessee Titans
Carlos Watkins,96,DE,ACT,75,305,9,Clemson,Tennessee Titans
Josh Whyle,81,TE,ACT,79,248,3,Cincinnati,Tennessee Titans
James Williams,52,LB,ACT,76,232,2,Miami,Tennessee Titans
Kevin Winston Jr.,23,SAF,ACT,74,213,R,Penn State,Tennessee Titans
Julius Wood,24,DB,ACT,73,194,2,East Carolina,Tennessee Titans
Xavier Woods,25,FS,ACT,71,200,9,Louisiana Tech,Tennessee Titans
Kevin Zeitler,70,G,ACT,76,332,14,Wisconsin,Tennessee Titans
